number,value,datetime_start,datetime_complete,duration,params_gamma,params_learning_rate,params_max_depth,params_min_child_weight,params_n_estimators,state
0,0.8204153020154357,2024-06-07 17:33:04.073829,2024-06-07 17:33:05.089699,0 days 00:00:01.015870,0.06790082729238318,0.046483602774868,9,6,255,COMPLETE
1,0.7489079486458105,2024-06-07 17:33:04.076821,2024-06-07 17:33:04.801469,0 days 00:00:00.724648,0.20865902653602475,0.24428785856085924,3,5,270,COMPLETE
2,0.8684999656216017,2024-06-07 17:33:04.111729,2024-06-07 17:33:04.947081,0 days 00:00:00.835352,0.025511340301094504,0.2436878266023088,10,1,279,COMPLETE
3,0.9058352487350418,2024-06-07 17:33:04.119706,2024-06-07 17:33:05.030855,0 days 00:00:00.911149,0.006400262544163274,0.17930247355595308,10,6,268,COMPLETE
4,0.9326472608764453,2024-06-07 17:33:04.125691,2024-06-07 17:33:05.235309,0 days 00:00:01.109618,0.0010644339672615639,0.16302708888741962,10,2,278,COMPLETE
5,0.7589264985324071,2024-06-07 17:33:04.128682,2024-06-07 17:33:04.914168,0 days 00:00:00.785486,0.17739124456162925,0.03666788992463443,8,4,211,COMPLETE
6,0.8008167931457055,2024-06-07 17:33:04.139652,2024-06-07 17:33:04.650288,0 days 00:00:00.510636,0.09688049036075098,0.23019152906958212,8,2,192,COMPLETE
7,0.7423773024543534,2024-06-07 17:33:04.141648,2024-06-07 17:33:04.849341,0 days 00:00:00.707693,0.2118465918523179,0.13598677808033618,3,3,279,COMPLETE
8,0.7794104087220116,2024-06-07 17:33:04.653280,2024-06-07 17:33:05.345015,0 days 00:00:00.691735,0.10844222269030537,0.26612609656230374,2,6,250,COMPLETE
9,0.7541856201838208,2024-06-07 17:33:04.804461,2024-06-07 17:33:05.705625,0 days 00:00:00.901164,0.19546300475350029,0.08802941228082671,5,2,263,COMPLETE
10,0.7507883469785748,2024-06-07 17:33:04.852332,2024-06-07 17:33:05.507580,0 days 00:00:00.655248,0.17330232174002363,0.020362624255174402,10,5,109,COMPLETE
11,0.8505598761537385,2024-06-07 17:33:04.917159,2024-06-07 17:33:05.323074,0 days 00:00:00.405915,0.012804495117994159,0.17606601820630155,3,1,129,COMPLETE
12,0.7701259552700283,2024-06-07 17:33:04.948076,2024-06-07 17:33:05.577394,0 days 00:00:00.629318,0.14506296388029777,0.11095690470271537,10,3,198,COMPLETE
13,0.7376633360649151,2024-06-07 17:33:05.033847,2024-06-07 17:33:05.970917,0 days 00:00:00.937070,0.2585946016810126,0.19700360884345014,9,2,260,COMPLETE
14,0.8489593779606328,2024-06-07 17:33:05.092690,2024-06-07 17:33:05.684682,0 days 00:00:00.591992,0.036235839724073245,0.0582243050750704,5,3,100,COMPLETE
15,0.8191368651894638,2024-06-07 17:33:05.238301,2024-06-07 17:33:06.162405,0 days 00:00:00.924104,0.07675874359172472,0.249283466042751,10,6,250,COMPLETE
16,0.7559624811137181,2024-06-07 17:33:05.326066,2024-06-07 17:33:06.316992,0 days 00:00:00.990926,0.17247796095131795,0.18206618028994045,2,2,256,COMPLETE
17,0.7144887706293934,2024-06-07 17:33:05.347010,2024-06-07 17:33:05.912074,0 days 00:00:00.565064,0.298985031009693,0.10583536979639174,6,3,112,COMPLETE
18,0.7240562125263837,2024-06-07 17:33:05.511569,2024-06-07 17:33:06.667684,0 days 00:00:01.156115,0.2717383983390993,0.13067351051423656,6,3,299,COMPLETE
19,0.7272454659992683,2024-06-07 17:33:05.579388,2024-06-07 17:33:06.606218,0 days 00:00:01.026830,0.28705582649374217,0.19157269040609307,6,2,296,COMPLETE
20,0.7286799340112751,2024-06-07 17:33:05.687674,2024-06-07 17:33:06.805316,0 days 00:00:01.117642,0.25793550189040254,0.17661119774709363,6,2,295,COMPLETE
21,0.7279127706588879,2024-06-07 17:33:05.714603,2024-06-07 17:33:06.530421,0 days 00:00:00.815818,0.28828470234551085,0.19251851046179988,8,4,229,COMPLETE
22,0.8294790730098891,2024-06-07 17:33:05.914070,2024-06-07 17:33:06.889093,0 days 00:00:00.975023,0.0604663259457173,0.18609978551535256,8,5,229,COMPLETE
23,0.9076285978165602,2024-06-07 17:33:05.972911,2024-06-07 17:33:07.135435,0 days 00:00:01.162524,0.0049294003876724805,0.2986031096263488,7,4,300,COMPLETE
24,0.9139861611389087,2024-06-07 17:33:06.165397,2024-06-07 17:33:07.312960,0 days 00:00:01.147563,0.003328320974199195,0.2974161005772384,7,4,294,COMPLETE
25,0.8386122018921496,2024-06-07 17:33:06.318986,2024-06-07 17:33:07.299993,0 days 00:00:00.981007,0.04878812078043328,0.15052721479146267,7,4,223,COMPLETE
26,0.844593476797672,2024-06-07 17:33:06.533413,2024-06-07 17:33:07.911904,0 days 00:00:01.378491,0.04463089406052161,0.14423137370203104,7,5,296,COMPLETE
27,0.9290285587266066,2024-06-07 17:33:06.607215,2024-06-07 17:33:07.621135,0 days 00:00:01.013920,0.0013994471941611005,0.14509343446477907,7,5,174,COMPLETE
28,0.9078678943312981,2024-06-07 17:33:06.669679,2024-06-07 17:33:07.570271,0 days 00:00:00.900592,0.005499922549435731,0.2178695020238366,9,1,229,COMPLETE
29,0.9175533784002639,2024-06-07 17:33:06.808309,2024-06-07 17:33:07.803198,0 days 00:00:00.994889,0.0027714545306692373,0.2972577698971165,9,1,228,COMPLETE
30,0.9189703039210566,2024-06-07 17:33:06.891088,2024-06-07 17:33:07.734379,0 days 00:00:00.843291,0.0025560901254350205,0.2998609803786711,9,1,170,COMPLETE
31,0.9108427993327916,2024-06-07 17:33:07.139423,2024-06-07 17:33:08.019616,0 days 00:00:00.880193,0.004803424509156461,0.28274425694412236,9,4,173,COMPLETE
32,0.8950787503623525,2024-06-07 17:33:07.301989,2024-06-07 17:33:08.277925,0 days 00:00:00.975936,0.009343065447808465,0.2793843521698292,9,5,165,COMPLETE
33,0.9011530461449532,2024-06-07 17:33:07.315951,2024-06-07 17:33:08.185173,0 days 00:00:00.869222,0.006074805311040668,0.29876949967830074,7,4,160,COMPLETE
34,0.8578183724232215,2024-06-07 17:33:07.573263,2024-06-07 17:33:08.417551,0 days 00:00:00.844288,0.03301157602893098,0.29903116809356634,9,1,149,COMPLETE
35,0.8539682305104092,2024-06-07 17:33:07.624127,2024-06-07 17:33:08.404586,0 days 00:00:00.780459,0.03526227904599624,0.2972076433594092,7,5,145,COMPLETE
36,0.8506366373719281,2024-06-07 17:33:07.737370,2024-06-07 17:33:08.740458,0 days 00:00:01.003088,0.035987513252546045,0.06652899898313777,9,1,167,COMPLETE
37,0.8052268490304728,2024-06-07 17:33:07.812170,2024-06-07 17:33:08.601061,0 days 00:00:00.788891,0.08226339123144599,0.15606624866149346,9,1,170,COMPLETE
38,0.8633471958005142,2024-06-07 17:33:07.914896,2024-06-07 17:33:08.777359,0 days 00:00:00.862463,0.02731179082125569,0.2757518590044818,9,1,174,COMPLETE
39,0.8581974719210953,2024-06-07 17:33:08.022609,2024-06-07 17:33:08.884074,0 days 00:00:00.861465,0.029732140388104244,0.2741007194885134,9,1,158,COMPLETE
40,0.8625205472229188,2024-06-07 17:33:08.188164,2024-06-07 17:33:09.068579,0 days 00:00:00.880415,0.026667172318359314,0.2733605575073569,9,1,163,COMPLETE
41,0.8625082793038594,2024-06-07 17:33:08.279920,2024-06-07 17:33:09.055615,0 days 00:00:00.775695,0.02832236467703238,0.2582624014999091,9,1,149,COMPLETE
42,0.814666062476659,2024-06-07 17:33:08.407578,2024-06-07 17:33:09.351823,0 days 00:00:00.944245,0.07378702734425399,0.2650275542411102,9,1,188,COMPLETE
43,0.8142377917745505,2024-06-07 17:33:08.420543,2024-06-07 17:33:09.364787,0 days 00:00:00.944244,0.06833621714111074,0.21567186822000256,8,1,184,COMPLETE
44,0.8309960858613544,2024-06-07 17:33:08.605050,2024-06-07 17:33:09.512394,0 days 00:00:00.907344,0.05926206706768863,0.2201294413231647,8,1,191,COMPLETE
45,0.8193706325082882,2024-06-07 17:33:08.742452,2024-06-07 17:33:09.652020,0 days 00:00:00.909568,0.06347932020204543,0.2625726141902661,10,1,185,COMPLETE
46,0.787469770539239,2024-06-07 17:33:08.780351,2024-06-07 17:33:09.715490,0 days 00:00:00.935139,0.12447276583507917,0.25602527007316117,8,1,186,COMPLETE
47,0.8261292491421106,2024-06-07 17:33:08.893049,2024-06-07 17:33:09.774332,0 days 00:00:00.881283,0.05929464118483684,0.2547589435351741,10,2,185,COMPLETE
48,0.8240424044637799,2024-06-07 17:33:09.059604,2024-06-07 17:33:10.226125,0 days 00:00:01.166521,0.06061748804581493,0.23122080432134126,8,2,280,COMPLETE
49,0.828677211352052,2024-06-07 17:33:09.071572,2024-06-07 17:33:10.177256,0 days 00:00:01.105684,0.05936960371978426,0.2309910991806361,8,2,280,COMPLETE
50,0.8313969831014155,2024-06-07 17:33:09.354814,2024-06-07 17:33:10.445538,0 days 00:00:01.090724,0.05792244272092759,0.22136123959086554,8,6,284,COMPLETE
51,0.7913751979375874,2024-06-07 17:33:09.367780,2024-06-07 17:33:10.472465,0 days 00:00:01.104685,0.11760687845509843,0.23640259176825307,10,6,278,COMPLETE
52,0.8723848936950155,2024-06-07 17:33:09.513391,2024-06-07 17:33:10.610098,0 days 00:00:01.096707,0.018529608301978154,0.24347628592727794,5,2,283,COMPLETE
53,0.7862647479941559,2024-06-07 17:33:09.655012,2024-06-07 17:33:10.754395,0 days 00:00:01.099383,0.13239500233078808,0.23821898033102423,5,2,280,COMPLETE
54,0.8747000959367137,2024-06-07 17:33:09.718482,2024-06-07 17:33:10.896709,0 days 00:00:01.178227,0.016629436044420482,0.2386064006685754,5,2,284,COMPLETE
55,0.8731148229768234,2024-06-07 17:33:09.783309,2024-06-07 17:33:10.934607,0 days 00:00:01.151298,0.01533132348409098,0.23994897558851394,5,6,277,COMPLETE
56,0.875636161758933,2024-06-07 17:33:10.180247,2024-06-07 17:33:11.196418,0 days 00:00:01.016171,0.015630666929087073,0.24028784978172352,5,6,214,COMPLETE
57,0.8620530690271617,2024-06-07 17:33:10.234103,2024-06-07 17:33:11.298146,0 days 00:00:01.064043,0.01930833676441552,0.11980721197733767,4,6,209,COMPLETE
58,0.8798806346605887,2024-06-07 17:33:10.447533,2024-06-07 17:33:11.467693,0 days 00:00:01.020160,0.01631480550683942,0.2829292701498242,10,4,211,COMPLETE
59,0.873171351928911,2024-06-07 17:33:10.482439,2024-06-07 17:33:11.631256,0 days 00:00:01.148817,0.01737253552859359,0.28598846009985635,5,3,244,COMPLETE
60,0.9210180337467768,2024-06-07 17:33:10.612092,2024-06-07 17:33:11.659865,0 days 00:00:01.047773,0.0004258324855292223,0.2887659647126992,4,3,208,COMPLETE
61,0.8872253733349725,2024-06-07 17:33:10.757387,2024-06-07 17:33:11.714680,0 days 00:00:00.957293,0.013439088478105224,0.28725508387973575,7,4,207,COMPLETE
62,0.8639431099424641,2024-06-07 17:33:10.898703,2024-06-07 17:33:11.977978,0 days 00:00:01.079275,0.015877933320202504,0.1664051590371753,4,4,209,COMPLETE
63,0.8977040376314565,2024-06-07 17:33:10.939594,2024-06-07 17:33:12.034812,0 days 00:00:01.095218,0.00227995837214362,0.2858877516484213,4,4,211,COMPLETE
64,0.9344935011350537,2024-06-07 17:33:11.200407,2024-06-07 17:33:12.411848,0 days 00:00:01.211441,0.0005065689860942008,0.2889759624360574,10,4,205,COMPLETE
65,0.8428066442592425,2024-06-07 17:33:11.301137,2024-06-07 17:33:12.544956,0 days 00:00:01.243819,0.04465238315610334,0.28470398210546677,10,4,246,COMPLETE
66,0.9327331171928349,2024-06-07 17:33:11.470685,2024-06-07 17:33:12.458190,0 days 00:00:00.987505,0.0006905954707904845,0.2872294672076445,10,5,177,COMPLETE
67,0.9424322527681053,2024-06-07 17:33:11.633250,2024-06-07 17:33:13.863792,0 days 00:00:02.230542,0.00012238377904649268,0.09099194954618511,10,5,177,COMPLETE
68,0.8812820722592131,2024-06-07 17:33:11.669801,2024-06-07 17:33:12.828881,0 days 00:00:01.159080,0.003380455023875011,0.16228299445780545,3,3,202,COMPLETE
69,0.9093344324437644,2024-06-07 17:33:11.731635,2024-06-07 17:33:13.100156,0 days 00:00:01.368521,0.0013933380982265819,0.08627467615264833,4,3,175,COMPLETE
70,0.8162814503584132,2024-06-07 17:33:11.979972,2024-06-07 17:33:13.674300,0 days 00:00:01.694328,0.044932198073768206,0.012519650650604064,4,3,175,COMPLETE
71,0.8415264683229339,2024-06-07 17:33:12.042791,2024-06-07 17:33:13.039320,0 days 00:00:00.996529,0.04624094309064751,0.129287701819805,10,3,198,COMPLETE
72,0.8429682532585909,2024-06-07 17:33:12.414302,2024-06-07 17:33:13.413319,0 days 00:00:00.999017,0.04515720009824736,0.09296979811390112,10,3,198,COMPLETE
73,0.8410685894116725,2024-06-07 17:33:12.462177,2024-06-07 17:33:13.447227,0 days 00:00:00.985050,0.04568539313405807,0.10364801943552854,10,5,178,COMPLETE
74,0.7392112094903167,2024-06-07 17:33:12.546950,2024-06-07 17:33:13.408332,0 days 00:00:00.861382,0.21991078425988353,0.08498585162497427,10,3,199,COMPLETE
75,0.736434696664681,2024-06-07 17:33:12.829881,2024-06-07 17:33:13.702225,0 days 00:00:00.872344,0.23560877503966335,0.09262652396653248,10,5,178,COMPLETE
76,0.7463019995732088,2024-06-07 17:33:13.042311,2024-06-07 17:33:14.020374,0 days 00:00:00.978063,0.23383060501531527,0.270131749611245,10,5,179,COMPLETE
77,0.7513471779211618,2024-06-07 17:33:13.103148,2024-06-07 17:33:14.172897,0 days 00:00:01.069749,0.16089659291771782,0.02684409927013795,2,5,178,COMPLETE
78,0.8115193681833953,2024-06-07 17:33:13.410326,2024-06-07 17:33:14.475089,0 days 00:00:01.064763,0.039003879020787044,0.2943637647942181,2,5,221,COMPLETE
79,0.8652028841068788,2024-06-07 17:33:13.415314,2024-06-07 17:33:14.469105,0 days 00:00:01.053791,0.026814975487214607,0.2705935182569647,10,5,219,COMPLETE
80,0.9327181973273966,2024-06-07 17:33:13.451217,2024-06-07 17:33:14.683226,0 days 00:00:01.232009,0.00022632012960136302,0.2908752078227404,6,5,219,COMPLETE
81,0.9167376317072733,2024-06-07 17:33:13.676294,2024-06-07 17:33:14.984422,0 days 00:00:01.308128,0.0020767468437038693,0.2683067987506326,6,5,268,COMPLETE
82,0.802480987058654,2024-06-07 17:33:13.706214,2024-06-07 17:33:14.697188,0 days 00:00:00.990974,0.09770584709843184,0.29265220232033623,6,5,219,COMPLETE
83,0.8662976136816554,2024-06-07 17:33:13.865787,2024-06-07 17:33:15.178901,0 days 00:00:01.313114,0.024632494051740023,0.03212857781696135,10,5,155,COMPLETE
84,0.8662191016125127,2024-06-07 17:33:14.022369,2024-06-07 17:33:15.600008,0 days 00:00:01.577639,0.024187063289027515,0.03209565822389278,10,5,223,COMPLETE
85,0.866785190689289,2024-06-07 17:33:14.175889,2024-06-07 17:33:15.281624,0 days 00:00:01.105735,0.023746336616023846,0.2918012069368218,9,5,219,COMPLETE
86,0.8948791725561173,2024-06-07 17:33:14.472097,2024-06-07 17:33:15.767681,0 days 00:00:01.295584,0.009524141647322374,0.05098061998885045,9,5,136,COMPLETE
87,0.9389744775886453,2024-06-07 17:33:14.483067,2024-06-07 17:33:16.304441,0 days 00:00:01.821374,0.00040763874043328076,0.06287177366654997,9,5,130,COMPLETE
88,0.9318702031376576,2024-06-07 17:33:14.685222,2024-06-07 17:33:16.386221,0 days 00:00:01.700999,0.0005020984312197787,0.05499527876251785,6,5,157,COMPLETE
89,0.8587775323772122,2024-06-07 17:33:14.699184,2024-06-07 17:33:15.891874,0 days 00:00:01.192690,0.009604619122103152,0.14121826692524425,3,5,236,COMPLETE
90,0.8958471169978859,2024-06-07 17:33:14.987412,2024-06-07 17:33:16.098990,0 days 00:00:01.111578,0.009363612083478478,0.19874070395480717,9,5,240,COMPLETE
91,0.8924474717722681,2024-06-07 17:33:15.180895,2024-06-07 17:33:16.694064,0 days 00:00:01.513169,0.010435227162619215,0.0684700184432439,9,5,232,COMPLETE
92,0.8925702714551963,2024-06-07 17:33:15.282622,2024-06-07 17:33:16.453043,0 days 00:00:01.170421,0.00967013818382575,0.19918279097189862,9,5,239,COMPLETE
93,0.8978063452069587,2024-06-07 17:33:15.602628,2024-06-07 17:33:16.775701,0 days 00:00:01.173073,0.00875116376613918,0.20573322507090447,9,2,235,COMPLETE
94,0.8564929587706875,2024-06-07 17:33:15.770673,2024-06-07 17:33:16.967190,0 days 00:00:01.196517,0.010799987118065374,0.1999866659071181,3,2,235,COMPLETE
95,0.8540426537758314,2024-06-07 17:33:15.893869,2024-06-07 17:33:16.919318,0 days 00:00:01.025449,0.03517568992250668,0.20142736813478904,9,2,194,COMPLETE
96,0.9371136415265473,2024-06-07 17:33:16.101982,2024-06-07 17:33:17.328591,0 days 00:00:01.226609,0.0002860649474771336,0.27725958302888287,9,2,192,COMPLETE
97,0.8912791646508887,2024-06-07 17:33:16.307433,2024-06-07 17:33:17.341222,0 days 00:00:01.033789,0.011079124284287605,0.06807876453189006,10,5,125,COMPLETE
98,0.9379563440447647,2024-06-07 17:33:16.388217,2024-06-07 17:33:18.485441,0 days 00:00:02.097224,0.00012311815865054547,0.07233112321981408,6,5,138,COMPLETE
99,0.9279821359094597,2024-06-07 17:33:16.456035,2024-06-07 17:33:17.894227,0 days 00:00:01.438192,0.0008900755309984285,0.06559351030045901,6,5,132,COMPLETE
100,0.9268845016069057,2024-06-07 17:33:16.695063,2024-06-07 17:33:18.132515,0 days 00:00:01.437452,0.0011870066318632557,0.07531037559707385,6,4,137,COMPLETE
101,0.852136713238161,2024-06-07 17:33:16.778693,2024-06-07 17:33:17.768563,0 days 00:00:00.989870,0.03392534902607131,0.0432603801877513,6,5,120,COMPLETE
102,0.923797580756464,2024-06-07 17:33:16.921319,2024-06-07 17:33:18.619085,0 days 00:00:01.697766,0.0014390967599325047,0.04514840335986485,6,5,122,COMPLETE
103,0.869554168641832,2024-06-07 17:33:16.969186,2024-06-07 17:33:17.995881,0 days 00:00:01.026695,0.021495438574304297,0.0682847610150097,6,4,138,COMPLETE
104,0.9325259696034462,2024-06-07 17:33:17.330586,2024-06-07 17:33:18.976977,0 days 00:00:01.646391,0.0003904626905027196,0.07324560871539423,6,5,128,COMPLETE
105,0.9322052363769604,2024-06-07 17:33:17.344215,2024-06-07 17:33:19.189921,0 days 00:00:01.845706,0.00021040773841104975,0.05295238753180804,6,4,120,COMPLETE
106,0.938013597921196,2024-06-07 17:33:17.770558,2024-06-07 17:33:19.423437,0 days 00:00:01.652879,0.0003002906067915613,0.07541048843503304,7,6,103,COMPLETE
107,0.8703040240379659,2024-06-07 17:33:17.896221,2024-06-07 17:33:18.877244,0 days 00:00:00.981023,0.02128548574288982,0.07667312858772066,6,6,135,COMPLETE
108,0.9201168184191736,2024-06-07 17:33:17.998872,2024-06-07 17:33:19.166982,0 days 00:00:01.168110,0.002862126164788028,0.07768330634758958,7,6,114,COMPLETE
109,0.9278116241977121,2024-06-07 17:33:18.134511,2024-06-07 17:33:19.885322,0 days 00:00:01.750811,0.0009442608617236722,0.04997586803742582,6,4,133,COMPLETE
110,0.7537232441727287,2024-06-07 17:33:18.487437,2024-06-07 17:33:19.470312,0 days 00:00:00.982875,0.1839419432032539,0.055275531023250654,7,6,129,COMPLETE
111,0.8700090529870619,2024-06-07 17:33:18.621080,2024-06-07 17:33:19.702366,0 days 00:00:01.081286,0.021743539508729738,0.05827233697522692,7,6,110,COMPLETE
112,0.8760267488301412,2024-06-07 17:33:18.879242,2024-06-07 17:33:20.139250,0 days 00:00:01.260008,0.018426857671895575,0.05821367826608093,7,5,144,COMPLETE
113,0.8728156952086737,2024-06-07 17:33:18.978972,2024-06-07 17:33:19.862384,0 days 00:00:00.883412,0.019781069387529823,0.07841571580608328,7,6,113,COMPLETE
114,0.8574503655920357,2024-06-07 17:33:19.169974,2024-06-07 17:33:20.305803,0 days 00:00:01.135829,0.030256208084352122,0.05572830494473827,7,5,143,COMPLETE
115,0.8558434402853556,2024-06-07 17:33:19.190918,2024-06-07 17:33:20.395563,0 days 00:00:01.204645,0.031039450229379473,0.05472379117749921,6,4,144,COMPLETE
116,0.8566712461826798,2024-06-07 17:33:19.425432,2024-06-07 17:33:20.416507,0 days 00:00:00.991075,0.031130022278808525,0.06215687063545313,7,6,114,COMPLETE
117,0.8558121432132625,2024-06-07 17:33:19.472307,2024-06-07 17:33:20.320763,0 days 00:00:00.848456,0.030687602547549046,0.07862477967900362,6,4,107,COMPLETE
118,0.8811662662117302,2024-06-07 17:33:19.704361,2024-06-07 17:33:20.702874,0 days 00:00:00.998513,0.01497484530299939,0.06038936454548584,6,4,102,COMPLETE
119,0.8837802962896508,2024-06-07 17:33:19.864378,2024-06-07 17:33:20.899303,0 days 00:00:01.034925,0.013281231961546288,0.06215582694416853,6,4,117,COMPLETE
120,0.8586258943283562,2024-06-07 17:33:19.887317,2024-06-07 17:33:20.885340,0 days 00:00:00.998023,0.029683256786922414,0.06274792774194494,6,4,118,COMPLETE
121,0.8565827763323706,2024-06-07 17:33:20.141244,2024-06-07 17:33:21.024967,0 days 00:00:00.883723,0.029853081242203986,0.062355076974551255,6,4,103,COMPLETE
122,0.8806505238161004,2024-06-07 17:33:20.308796,2024-06-07 17:33:21.587462,0 days 00:00:01.278666,0.015243730088270404,0.063773007868125,6,4,150,COMPLETE
123,0.8793045211709198,2024-06-07 17:33:20.322759,2024-06-07 17:33:21.471773,0 days 00:00:01.149014,0.01349447261172885,0.09800797265953975,5,4,154,COMPLETE
124,0.8804708662260269,2024-06-07 17:33:20.400550,2024-06-07 17:33:21.442849,0 days 00:00:01.042299,0.013841746771569548,0.09556085481920223,5,5,152,COMPLETE
125,0.8824849997226034,2024-06-07 17:33:20.424485,2024-06-07 17:33:21.264327,0 days 00:00:00.839842,0.012806432442021527,0.10190214643983636,5,5,105,COMPLETE
126,0.8936224138789525,2024-06-07 17:33:20.705866,2024-06-07 17:33:21.514657,0 days 00:00:00.808791,0.0076410636920380155,0.10033021361758185,5,5,119,COMPLETE
127,0.8943302147780755,2024-06-07 17:33:20.887335,2024-06-07 17:33:21.967047,0 days 00:00:01.079712,0.007723168656666672,0.10405531794016953,5,5,126,COMPLETE
128,0.8920257477388384,2024-06-07 17:33:20.901298,2024-06-07 17:33:21.951091,0 days 00:00:01.049793,0.007212693343300507,0.2778047764245467,5,5,154,COMPLETE
129,0.8962009721655764,2024-06-07 17:33:21.027959,2024-06-07 17:33:22.241315,0 days 00:00:01.213356,0.007045739194394873,0.09934945275981912,5,5,165,COMPLETE
130,0.9039849949917144,2024-06-07 17:33:21.266321,2024-06-07 17:33:22.377949,0 days 00:00:01.111628,0.006735771277849822,0.11155853363479899,8,5,154,COMPLETE
131,0.9037773650977341,2024-06-07 17:33:21.444844,2024-06-07 17:33:22.791744,0 days 00:00:01.346900,0.007266982737267319,0.11370129434555293,8,5,169,COMPLETE
132,0.9048155865092296,2024-06-07 17:33:21.476759,2024-06-07 17:33:23.591188,0 days 00:00:02.114429,0.00659773521610443,0.03972621610212822,10,5,167,COMPLETE
133,0.8977125724632328,2024-06-07 17:33:21.518646,2024-06-07 17:33:22.651218,0 days 00:00:01.132572,0.007672062117720452,0.27875630216565955,8,5,168,COMPLETE
134,0.9056777920712233,2024-06-07 17:33:21.597435,2024-06-07 17:33:22.897463,0 days 00:00:01.300028,0.006517227258426502,0.11122177911303482,8,5,169,COMPLETE
135,0.9061937039536578,2024-06-07 17:33:21.953085,2024-06-07 17:33:23.356811,0 days 00:00:01.403726,0.006297604099417269,0.0841156081226469,10,5,168,COMPLETE
136,0.9049036564440774,2024-06-07 17:33:21.970039,2024-06-07 17:33:24.034731,0 days 00:00:02.064692,0.006726563828240894,0.04118170555789362,8,5,167,COMPLETE
137,0.9341234523368205,2024-06-07 17:33:22.243309,2024-06-07 17:33:23.951948,0 days 00:00:01.708639,0.0009272785577504735,0.11143664756164698,10,5,161,COMPLETE
138,0.9290641622198916,2024-06-07 17:33:22.380941,2024-06-07 17:33:25.512862,0 days 00:00:03.131921,0.0015847637726987707,0.04002860271444945,10,5,191,COMPLETE
139,0.9371264499033092,2024-06-07 17:33:22.653109,2024-06-07 17:33:25.999258,0 days 00:00:03.346149,0.0006195502929125904,0.03903818127314089,10,5,162,COMPLETE
140,0.9298865553641014,2024-06-07 17:33:22.793739,2024-06-07 17:33:24.815725,0 days 00:00:02.021986,0.0013509718584353888,0.0833486234328694,10,5,131,COMPLETE
141,0.9357402299677983,2024-06-07 17:33:22.899455,2024-06-07 17:33:26.316411,0 days 00:00:03.416956,0.0007753935193606334,0.04030025204219882,10,5,202,COMPLETE
142,0.9333455584855564,2024-06-07 17:33:23.358807,2024-06-07 17:33:25.736959,0 days 00:00:02.378152,0.0010510558257705387,0.07072366545025159,10,5,191,COMPLETE
143,0.9231842747859658,2024-06-07 17:33:23.593179,2024-06-07 17:33:25.264525,0 days 00:00:01.671346,0.0017914059588590328,0.07285258832885219,6,5,191,COMPLETE
144,0.9394555979842697,2024-06-07 17:33:23.953942,2024-06-07 17:33:25.680111,0 days 00:00:01.726169,0.0003082387501849236,0.1268912751263544,10,5,158,COMPLETE
145,0.9360374809301877,2024-06-07 17:33:24.037718,2024-06-07 17:33:25.694074,0 days 00:00:01.656356,0.0005718779124004066,0.12784458179694436,10,5,160,COMPLETE
146,0.870834067418077,2024-06-07 17:33:24.817720,2024-06-07 17:33:26.119935,0 days 00:00:01.302215,0.022030720994403535,0.07290682902873702,10,5,193,COMPLETE
147,0.8685258434223958,2024-06-07 17:33:25.267517,2024-06-07 17:33:26.548789,0 days 00:00:01.281272,0.022720581221738687,0.08780981472618894,10,2,182,COMPLETE
148,0.8722853929535148,2024-06-07 17:33:25.515853,2024-06-07 17:33:26.768860,0 days 00:00:01.253007,0.020838930593800493,0.08858922346966255,10,5,202,COMPLETE
149,0.8722472982006646,2024-06-07 17:33:25.682106,2024-06-07 17:33:26.939405,0 days 00:00:01.257299,0.020994014341673306,0.08852185902500151,10,5,160,COMPLETE
150,0.9395737755059833,2024-06-07 17:33:25.697066,2024-06-07 17:33:27.521846,0 days 00:00:01.824780,0.00036956712986880756,0.12871866977925855,10,5,159,COMPLETE
151,0.8729519697241435,2024-06-07 17:33:25.738955,2024-06-07 17:33:27.004230,0 days 00:00:01.265275,0.020349568687099504,0.1372548983887719,10,5,182,COMPLETE
152,0.873511742488281,2024-06-07 17:33:26.002250,2024-06-07 17:33:27.207686,0 days 00:00:01.205436,0.020930191987285,0.12715757284289275,10,5,188,COMPLETE
153,0.8757626130099488,2024-06-07 17:33:26.121930,2024-06-07 17:33:27.260545,0 days 00:00:01.138615,0.019113516962741616,0.12991781251880505,10,5,159,COMPLETE
154,0.8748105146237329,2024-06-07 17:33:26.319401,2024-06-07 17:33:28.147137,0 days 00:00:01.827736,0.019180707603983917,0.022916341479654777,10,5,161,COMPLETE
155,0.8819592531462473,2024-06-07 17:33:26.551782,2024-06-07 17:33:27.710306,0 days 00:00:01.158524,0.015563559213607317,0.12753275216333002,10,5,161,COMPLETE
156,0.8806088002891075,2024-06-07 17:33:26.770855,2024-06-07 17:33:27.900796,0 days 00:00:01.129941,0.015980186337166663,0.1273992750877742,10,5,162,COMPLETE
157,0.8827069413721237,2024-06-07 17:33:26.942397,2024-06-07 17:33:28.069345,0 days 00:00:01.126948,0.014689604834667282,0.12459250491858226,10,5,160,COMPLETE
158,0.8854588110965468,2024-06-07 17:33:27.010214,2024-06-07 17:33:28.284769,0 days 00:00:01.274555,0.013567437823844793,0.12654919318682337,10,5,160,COMPLETE
159,0.8837480050844027,2024-06-07 17:33:27.209680,2024-06-07 17:33:29.432328,0 days 00:00:02.222648,0.013312523079180023,0.020466061815342877,10,5,161,COMPLETE
160,0.8878581243753211,2024-06-07 17:33:27.270517,2024-06-07 17:33:28.728211,0 days 00:00:01.457694,0.012958555313515413,0.1576342993464488,10,5,259,COMPLETE
161,0.8865650941979338,2024-06-07 17:33:27.523841,2024-06-07 17:33:30.274707,0 days 00:00:02.750866,0.012855821259017524,0.018796733028117827,10,5,206,COMPLETE
162,0.886574684880527,2024-06-07 17:33:27.712301,2024-06-07 17:33:28.924685,0 days 00:00:01.212384,0.012589052183848549,0.11642843819136416,10,5,204,COMPLETE
163,0.7719550246631968,2024-06-07 17:33:27.902791,2024-06-07 17:33:29.160056,0 days 00:00:01.257265,0.1427253302489105,0.11966769262900626,10,5,261,COMPLETE
164,0.8896941334513839,2024-06-07 17:33:28.072337,2024-06-07 17:33:29.386451,0 days 00:00:01.314114,0.011566412827784167,0.1487238045368558,10,5,204,COMPLETE
165,0.8899041695885188,2024-06-07 17:33:28.152124,2024-06-07 17:33:29.259789,0 days 00:00:01.107665,0.011239274938415072,0.13843817606391173,10,6,140,COMPLETE
166,0.9361176792295408,2024-06-07 17:33:28.287761,2024-06-07 17:33:30.397376,0 days 00:00:02.109615,0.0005377881355559899,0.1554825039114796,10,6,262,COMPLETE
167,0.8937958775507808,2024-06-07 17:33:28.730206,2024-06-07 17:33:30.125105,0 days 00:00:01.394899,0.00976446765933872,0.13970010048478426,10,6,206,COMPLETE
168,0.9288390889397049,2024-06-07 17:33:28.926679,2024-06-07 17:33:30.183948,0 days 00:00:01.257269,0.001537044184847953,0.11910599958926996,10,5,140,COMPLETE
169,0.9358881051127182,2024-06-07 17:33:29.162051,2024-06-07 17:33:30.947055,0 days 00:00:01.785004,0.0005901381042273924,0.13857641691876263,9,5,141,COMPLETE
170,0.9297804105945565,2024-06-07 17:33:29.262782,2024-06-07 17:33:35.946142,0 days 00:00:06.683360,0.0002973201330726905,0.015621658643777778,10,5,173,COMPLETE
171,0.9341902945787963,2024-06-07 17:33:29.390440,2024-06-07 17:33:31.296122,0 days 00:00:01.905682,0.0005174108430550699,0.2890227121786689,9,5,195,COMPLETE
172,0.9094724871336322,2024-06-07 17:33:29.434322,2024-06-07 17:33:35.630250,0 days 00:00:06.195928,0.0002648738232666239,0.011750476247821787,9,2,173,COMPLETE
173,0.9370930076134293,2024-06-07 17:33:30.128096,2024-06-07 17:33:32.058992,0 days 00:00:01.930896,0.0006438835206394032,0.13439529480638154,9,2,148,COMPLETE
174,0.9347516720193847,2024-06-07 17:33:30.186939,2024-06-07 17:33:35.251263,0 days 00:00:05.064324,0.0008363786401954702,0.03226242329818299,9,2,196,COMPLETE
175,0.9340325763130334,2024-06-07 17:33:30.278693,2024-06-07 17:33:32.433987,0 days 00:00:02.155294,0.00042575371703065573,0.28940814082079586,9,5,290,COMPLETE
176,0.9094152581344433,2024-06-07 17:33:30.401367,2024-06-07 17:33:32.378136,0 days 00:00:01.976769,0.005268381873030437,0.17898873467477155,9,6,288,COMPLETE
177,0.9296726630575054,2024-06-07 17:33:30.949050,2024-06-07 17:33:32.947000,0 days 00:00:01.997950,0.0012011741209188873,0.1344513694862372,9,6,196,COMPLETE
178,0.9083853169427238,2024-06-07 17:33:31.299116,2024-06-07 17:33:32.657775,0 days 00:00:01.358659,0.005271939789223579,0.2871697933628155,9,6,196,COMPLETE
179,0.9089200293515932,2024-06-07 17:33:32.060985,2024-06-07 17:33:33.522463,0 days 00:00:01.461478,0.005374098823769058,0.13144409932258097,9,6,147,COMPLETE
180,0.9352802181912473,2024-06-07 17:33:32.380131,2024-06-07 17:33:34.285995,0 days 00:00:01.905864,0.0005756163472123077,0.14502353882288951,9,6,149,COMPLETE
181,0.9077758473327598,2024-06-07 17:33:32.436982,2024-06-07 17:33:33.910996,0 days 00:00:01.474014,0.005585372747855474,0.13494428103432107,9,6,145,COMPLETE
182,0.9369281179394797,2024-06-07 17:33:32.659768,2024-06-07 17:33:34.573225,0 days 00:00:01.913457,0.0003580202934406955,0.1455759867921653,9,6,148,COMPLETE
183,0.9065627580289005,2024-06-07 17:33:32.948995,2024-06-07 17:33:34.207204,0 days 00:00:01.258209,0.006005491075250969,0.1515638655710226,9,2,149,COMPLETE
184,0.9023145115412391,2024-06-07 17:33:33.524456,2024-06-07 17:33:34.791496,0 days 00:00:01.267040,0.006907604088846995,0.1700913308039158,9,5,148,COMPLETE
185,0.9282430375790925,2024-06-07 17:33:33.912992,2024-06-07 17:33:35.413831,0 days 00:00:01.500839,0.0015398953854415766,0.14972164165593904,9,5,150,COMPLETE
186,0.9278746910557372,2024-06-07 17:33:34.210196,2024-06-07 17:33:36.075794,0 days 00:00:01.865598,0.0016595828584379819,0.14478346155690353,9,5,173,COMPLETE
187,0.8966998546311671,2024-06-07 17:33:34.287988,2024-06-07 17:33:36.917871,0 days 00:00:02.629883,0.00880542438752987,0.03352187607694328,9,6,149,COMPLETE
188,0.9298122625507323,2024-06-07 17:33:34.575220,2024-06-07 17:33:36.151592,0 days 00:00:01.576372,0.001315572826209515,0.1726633195139785,9,6,150,COMPLETE
189,0.9285407941739662,2024-06-07 17:33:34.792490,2024-06-07 17:33:36.899918,0 days 00:00:02.107428,0.0016275723437717722,0.14573982797526605,9,6,272,COMPLETE
190,0.9410248404445696,2024-06-07 17:33:35.253259,2024-06-07 17:33:39.906664,0 days 00:00:04.653405,0.0002485735274031752,0.033145381619740774,9,2,152,COMPLETE
191,0.9384135605367563,2024-06-07 17:33:35.416821,2024-06-07 17:33:39.783991,0 days 00:00:04.367170,0.00040675376861711097,0.0315570665286752,9,2,140,COMPLETE
192,0.8963425498635071,2024-06-07 17:33:35.632245,2024-06-07 17:33:36.706436,0 days 00:00:01.074191,0.008884307566050033,0.14508015685994582,9,6,141,COMPLETE
193,0.8969178200497356,2024-06-07 17:33:35.948136,2024-06-07 17:33:37.255966,0 days 00:00:01.307830,0.009138109153019802,0.14156867555765554,9,6,141,COMPLETE
194,0.8953021726045154,2024-06-07 17:33:36.078788,2024-06-07 17:33:37.549182,0 days 00:00:01.470394,0.009295316632961355,0.12291401044092908,9,6,155,COMPLETE
195,0.8945714044422046,2024-06-07 17:33:36.153587,2024-06-07 17:33:38.638869,0 days 00:00:02.485282,0.009425168470353887,0.03169631974100383,9,2,142,COMPLETE
196,0.801237551921553,2024-06-07 17:33:36.709429,2024-06-07 17:33:38.109286,0 days 00:00:01.399857,0.09205382277788124,0.03093449575321128,9,2,154,COMPLETE
197,0.8945520752020911,2024-06-07 17:33:36.901915,2024-06-07 17:33:39.565559,0 days 00:00:02.663644,0.009568701165092534,0.03041573716616,9,6,154,COMPLETE
198,0.8944777098143385,2024-06-07 17:33:36.921859,2024-06-07 17:33:39.769032,0 days 00:00:02.847173,0.009568159839442831,0.029023225905091793,9,2,155,COMPLETE
199,0.8966324417355708,2024-06-07 17:33:37.257962,2024-06-07 17:33:38.489271,0 days 00:00:01.231309,0.00847133229752343,0.12313300858746515,9,2,156,COMPLETE
200,0.94066518344222,2024-06-07 17:33:37.551176,2024-06-07 17:33:43.681970,0 days 00:00:06.130794,0.0003153357705827636,0.028298003407884423,9,2,200,COMPLETE
201,0.9398981214739172,2024-06-07 17:33:38.111280,2024-06-07 17:33:40.689202,0 days 00:00:02.577922,0.00021100636276468886,0.1619004380317261,9,2,253,COMPLETE
202,0.880880338596164,2024-06-07 17:33:38.491263,2024-06-07 17:33:39.741106,0 days 00:00:01.249843,0.01445542091495123,0.2808557132594287,9,2,253,COMPLETE
203,0.884023520379991,2024-06-07 17:33:38.640863,2024-06-07 17:33:39.629388,0 days 00:00:00.988525,0.014683946606206517,0.16008477255235473,9,6,165,COMPLETE
204,0.9356918203973614,2024-06-07 17:33:39.567553,2024-06-07 17:33:42.260320,0 days 00:00:02.692767,0.0006095021721943872,0.16177774590884214,9,2,253,COMPLETE
205,0.9404839144235242,2024-06-07 17:33:39.631385,2024-06-07 17:33:44.459890,0 days 00:00:04.828505,0.00033978238936423666,0.04630451333675169,9,2,201,COMPLETE
206,0.9399157183940823,2024-06-07 17:33:39.746094,2024-06-07 17:33:42.884446,0 days 00:00:03.138352,0.00038516646222348403,0.10914332013882286,10,2,137,COMPLETE
207,0.9401797309352613,2024-06-07 17:33:39.781997,2024-06-07 17:33:45.043089,0 days 00:00:05.261092,0.00026498119343704293,0.048075347421734776,10,5,292,COMPLETE
208,0.9404262952240332,2024-06-07 17:33:39.789976,2024-06-07 17:33:42.585450,0 days 00:00:02.795474,0.0002710219344217204,0.13496168098955566,9,2,134,COMPLETE
209,0.9405717934228606,2024-06-07 17:33:39.910654,2024-06-07 17:33:44.387084,0 days 00:00:04.476430,0.00029110310106228644,0.046558477861613455,10,2,136,COMPLETE
210,0.9087298921479529,2024-06-07 17:33:40.692197,2024-06-07 17:33:44.207565,0 days 00:00:03.515368,0.005613392656557029,0.03834120576107367,9,2,266,COMPLETE
211,0.9055898146638026,2024-06-07 17:33:42.264309,2024-06-07 17:33:43.748791,0 days 00:00:01.484482,0.006112124768665521,0.1657692353107151,9,2,247,COMPLETE
212,0.906191685479046,2024-06-07 17:33:42.588443,2024-06-07 17:33:43.534707,0 days 00:00:00.946264,0.006362652967769155,0.1555864717370013,8,2,136,COMPLETE
213,0.7247968826746987,2024-06-07 17:33:42.886440,2024-06-07 17:33:44.052979,0 days 00:00:01.166539,0.2723015831844816,0.15425464300318847,9,2,250,COMPLETE
214,0.9075906625930525,2024-06-07 17:33:43.536702,2024-06-07 17:33:45.281452,0 days 00:00:01.744750,0.006017344820075146,0.16509524366009706,9,2,265,COMPLETE
215,0.9028617568501953,2024-06-07 17:33:43.683965,2024-06-07 17:33:46.138228,0 days 00:00:02.454263,0.006640458642172752,0.024497515012453272,9,2,133,COMPLETE
216,0.7260596371320178,2024-06-07 17:33:43.751784,2024-06-07 17:33:45.329325,0 days 00:00:01.577541,0.2678772886040792,0.13393473642234321,9,2,269,COMPLETE
217,0.8818950671824226,2024-06-07 17:33:44.055970,2024-06-07 17:33:44.944354,0 days 00:00:00.888384,0.01661587820358116,0.18510741654937346,9,2,134,COMPLETE
218,0.9384849975583767,2024-06-07 17:33:44.209559,2024-06-07 17:33:46.961776,0 days 00:00:02.752217,0.0005432181040015089,0.04769607687643908,9,2,134,COMPLETE
219,0.9072320334782177,2024-06-07 17:33:44.389079,2024-06-07 17:33:46.409503,0 days 00:00:02.020424,0.006125530797336331,0.04616850647995799,10,2,134,COMPLETE
220,0.8794553205946418,2024-06-07 17:33:44.462882,2024-06-07 17:33:45.921806,0 days 00:00:01.458924,0.01660220443236049,0.051422900627617917,10,2,133,COMPLETE
221,0.9063543816947647,2024-06-07 17:33:44.946349,2024-06-07 17:33:46.707456,0 days 00:00:01.761107,0.006417863515245786,0.0475183705947919,10,2,131,COMPLETE
222,0.9048500049804648,2024-06-07 17:33:45.048077,2024-06-07 17:33:46.781259,0 days 00:00:01.733182,0.006688944873471114,0.048675499400569054,10,2,129,COMPLETE
223,0.8904924798392749,2024-06-07 17:33:45.283448,2024-06-07 17:33:47.018623,0 days 00:00:01.735175,0.010883059787605814,0.04576102594833949,10,2,129,COMPLETE
224,0.887686198522899,2024-06-07 17:33:45.338300,2024-06-07 17:33:46.862042,0 days 00:00:01.523742,0.012243971459004372,0.04622649805348083,10,2,130,COMPLETE
225,0.9041272728646872,2024-06-07 17:33:45.923801,2024-06-07 17:33:47.552197,0 days 00:00:01.628396,0.006898960355634015,0.043318148085304216,10,2,127,COMPLETE
226,0.8909092686642993,2024-06-07 17:33:46.140223,2024-06-07 17:33:47.705009,0 days 00:00:01.564786,0.010732372132619936,0.04592918269057293,10,2,136,COMPLETE
227,0.888001360739064,2024-06-07 17:33:46.411497,2024-06-07 17:33:47.839650,0 days 00:00:01.428153,0.012197382302089105,0.10800290372223238,10,2,139,COMPLETE
228,0.9402186224293952,2024-06-07 17:33:46.710448,2024-06-07 17:33:52.434184,0 days 00:00:05.723736,0.00033172689135205414,0.03854962199410663,10,2,125,COMPLETE
229,0.9416744561934014,2024-06-07 17:33:46.784250,2024-06-07 17:33:53.178766,0 days 00:00:06.394516,0.00023179804127708287,0.03745502533489511,10,2,139,COMPLETE
230,0.9416047368629692,2024-06-07 17:33:46.865034,2024-06-07 17:33:52.948380,0 days 00:00:06.083346,0.0002243360070447207,0.04268872624752481,10,2,138,COMPLETE
231,0.8916928998499906,2024-06-07 17:33:46.964768,2024-06-07 17:33:50.236080,0 days 00:00:03.271312,0.010678503165489848,0.03884643058904998,8,2,124,COMPLETE
232,0.941197046313134,2024-06-07 17:33:47.023610,2024-06-07 17:33:52.382323,0 days 00:00:05.358713,0.0002939223611798124,0.03879482360920082,8,2,139,COMPLETE
233,0.8865402141641692,2024-06-07 17:33:47.554191,2024-06-07 17:33:50.737082,0 days 00:00:03.182891,0.01259968296765328,0.0379827200974137,9,2,137,COMPLETE
234,0.9345984002847877,2024-06-07 17:33:47.707004,2024-06-07 17:33:52.707025,0 days 00:00:05.000021,0.0009608028463155112,0.03705568446014267,9,2,145,COMPLETE
235,0.9399567643116576,2024-06-07 17:33:47.841643,2024-06-07 17:33:53.381224,0 days 00:00:05.539581,0.0003292174739187328,0.03510764666263894,9,2,145,COMPLETE
236,0.9383197097477511,2024-06-07 17:33:50.238073,2024-06-07 17:33:52.123017,0 days 00:00:01.884944,0.0004438447871026794,0.1350246515839821,9,2,146,COMPLETE
237,0.9345147356620094,2024-06-07 17:33:50.739076,2024-06-07 17:33:52.476072,0 days 00:00:01.736996,0.0007966791443828963,0.13939281107444257,9,2,145,COMPLETE
238,0.9343529246882383,2024-06-07 17:33:52.126008,2024-06-07 17:33:53.877804,0 days 00:00:01.751796,0.0008039934931202786,0.1367345493732532,9,2,146,COMPLETE
239,0.9415314545027934,2024-06-07 17:33:52.385315,2024-06-07 17:33:54.595881,0 days 00:00:02.210566,0.00015183881530412419,0.1345716782194293,8,2,142,COMPLETE
240,0.9380064093789462,2024-06-07 17:33:52.438173,2024-06-07 17:33:56.796995,0 days 00:00:04.358822,0.00022506244988851153,0.027624033010901813,8,2,146,COMPLETE
241,0.9432876712934721,2024-06-07 17:33:52.479064,2024-06-07 17:33:57.904034,0 days 00:00:05.424970,0.0001522288377792821,0.03509601114514803,8,2,299,COMPLETE
242,0.9085002369096967,2024-06-07 17:33:52.711014,2024-06-07 17:33:56.770065,0 days 00:00:04.059051,0.005768437324260467,0.023189484370570154,8,2,274,COMPLETE
243,0.9064828034741998,2024-06-07 17:33:52.950375,2024-06-07 17:33:56.061960,0 days 00:00:03.111585,0.005890885078384606,0.026094221496343776,8,2,138,COMPLETE
244,0.9055910616975608,2024-06-07 17:33:53.180758,2024-06-07 17:33:56.170669,0 days 00:00:02.989911,0.006336906896142047,0.02659074758646392,8,2,141,COMPLETE
245,0.9063173473994767,2024-06-07 17:33:53.383217,2024-06-07 17:33:55.843544,0 days 00:00:02.460327,0.0063290248435162455,0.034834108601769075,8,2,137,COMPLETE
246,0.7455484431997563,2024-06-07 17:33:53.879796,2024-06-07 17:33:55.090557,0 days 00:00:01.210761,0.2041368888945421,0.025331724167872664,10,2,139,COMPLETE
247,0.9046953953560193,2024-06-07 17:33:54.597874,2024-06-07 17:33:57.330568,0 days 00:00:02.732694,0.006349749109836784,0.02566800170691732,8,2,137,COMPLETE
248,0.9060114896860566,2024-06-07 17:33:55.092552,2024-06-07 17:33:57.268733,0 days 00:00:02.176181,0.006398495981954671,0.03619293555148279,8,2,137,COMPLETE
249,0.9051188638377704,2024-06-07 17:33:55.846536,2024-06-07 17:33:58.830557,0 days 00:00:02.984021,0.006524159923968452,0.02599940423638624,10,2,144,COMPLETE
250,0.9072984063547966,2024-06-07 17:33:56.064952,2024-06-07 17:33:58.186280,0 days 00:00:02.121328,0.006024774913979733,0.036485658962536166,8,2,141,COMPLETE
251,0.9087495799496136,2024-06-07 17:33:56.181639,2024-06-07 17:33:58.583217,0 days 00:00:02.401578,0.005710346662926473,0.03608003978834368,10,2,143,COMPLETE
252,0.9074389156977907,2024-06-07 17:33:56.773060,2024-06-07 17:33:58.530358,0 days 00:00:01.757298,0.005934331784609761,0.05166099542579625,7,2,143,COMPLETE
253,0.9046362668126803,2024-06-07 17:33:56.798989,2024-06-07 17:33:59.019052,0 days 00:00:02.220063,0.0067132170525426174,0.04137729810318384,8,2,143,COMPLETE
254,0.9419829025806861,2024-06-07 17:33:57.270728,2024-06-07 17:34:00.216849,0 days 00:00:02.946121,0.0002499077088117964,0.05283765679454573,8,2,133,COMPLETE
255,0.937072304080169,2024-06-07 17:33:57.334557,2024-06-07 17:34:00.294642,0 days 00:00:02.960085,0.0005288925903506627,0.04345918961510156,7,2,143,COMPLETE
256,0.8850463018153318,2024-06-07 17:33:57.906029,2024-06-07 17:33:59.460871,0 days 00:00:01.554842,0.013694176349666869,0.05223563935790251,8,2,143,COMPLETE
257,0.9418991110309161,2024-06-07 17:33:58.188274,2024-06-07 17:34:00.862124,0 days 00:00:02.673850,0.0003156648686587906,0.05451781760776605,8,2,133,COMPLETE
258,0.8801112003201336,2024-06-07 17:33:58.532355,2024-06-07 17:34:01.277015,0 days 00:00:02.744660,0.015964980467077276,0.04030063823030247,8,2,298,COMPLETE
259,0.880435637924733,2024-06-07 17:33:58.587208,2024-06-07 17:34:01.360789,0 days 00:00:02.773581,0.016040630964624554,0.04197193648946408,8,2,296,COMPLETE
260,0.8800732389072464,2024-06-07 17:33:58.832551,2024-06-07 17:34:00.601820,0 days 00:00:01.769269,0.016121461873511492,0.04207834886221119,8,2,133,COMPLETE
261,0.8798987306920066,2024-06-07 17:33:59.021046,2024-06-07 17:34:01.168305,0 days 00:00:02.147259,0.017324802954903427,0.05728154239148962,8,2,290,COMPLETE
262,0.9424974917337438,2024-06-07 17:33:59.462866,2024-06-07 17:34:03.560909,0 days 00:00:04.098043,0.00018483258664202297,0.04402032737712071,8,2,300,COMPLETE
263,0.8782408123045244,2024-06-07 17:34:00.219841,2024-06-07 17:34:01.733793,0 days 00:00:01.513952,0.017740240881264333,0.057748894466647535,8,2,126,COMPLETE
264,0.8793047947550395,2024-06-07 17:34:00.298630,2024-06-07 17:34:02.533653,0 days 00:00:02.235023,0.01653712998935885,0.058134172358119685,8,2,296,COMPLETE
265,0.9413140512288045,2024-06-07 17:34:00.604812,2024-06-07 17:34:04.336832,0 days 00:00:03.732020,0.00032138410874038754,0.056496298774045224,8,2,299,COMPLETE
266,0.8865735376150341,2024-06-07 17:34:00.865115,2024-06-07 17:34:02.183590,0 days 00:00:01.318475,0.012861098529173946,0.05514841624163109,8,2,125,COMPLETE
267,0.8897755289480562,2024-06-07 17:34:01.171299,2024-06-07 17:34:03.871078,0 days 00:00:02.699779,0.01157638362432334,0.05362671906509579,8,2,298,COMPLETE
268,0.7848075329395305,2024-06-07 17:34:01.280006,2024-06-07 17:34:02.310251,0 days 00:00:01.030245,0.11841554349868395,0.0553006692509777,8,2,125,COMPLETE
269,0.8906082618581458,2024-06-07 17:34:01.366774,2024-06-07 17:34:02.997413,0 days 00:00:01.630639,0.011085951116574596,0.05525089957265163,8,2,131,COMPLETE
270,0.7887688904427281,2024-06-07 17:34:01.735787,2024-06-07 17:34:02.801939,0 days 00:00:01.066152,0.11281319096141264,0.050236196239206145,10,2,124,COMPLETE
271,0.9386454662844286,2024-06-07 17:34:02.186582,2024-06-07 17:34:07.408221,0 days 00:00:05.221639,0.0004046605100895921,0.04737557311401286,10,2,131,COMPLETE
272,0.9399368902933952,2024-06-07 17:34:02.313243,2024-06-07 17:34:08.417369,0 days 00:00:06.104126,0.0003514066348952067,0.04845341191555962,10,2,300,COMPLETE
273,0.9418505266526409,2024-06-07 17:34:02.535648,2024-06-07 17:34:10.239125,0 days 00:00:07.703477,0.00022524235629428787,0.032322525344289636,10,2,214,COMPLETE
274,0.9423018275797417,2024-06-07 17:34:02.803930,2024-06-07 17:34:08.140111,0 days 00:00:05.336181,0.00019819278863093023,0.05098830239456355,10,2,131,COMPLETE
275,0.9077120871102805,2024-06-07 17:34:03.000406,2024-06-07 17:34:06.398089,0 days 00:00:03.397683,0.005918006837296534,0.048267667019864666,10,2,134,COMPLETE
276,0.9393922996737654,2024-06-07 17:34:03.563898,2024-06-07 17:34:09.109416,0 days 00:00:05.545518,0.00044788280875846355,0.04817009517598071,10,2,292,COMPLETE
277,0.9413364669878533,2024-06-07 17:34:03.873071,2024-06-07 17:34:09.577164,0 days 00:00:05.704093,0.00026744723399246346,0.04810723934541649,10,2,300,COMPLETE
278,0.9072664544399471,2024-06-07 17:34:04.338827,2024-06-07 17:34:07.884793,0 days 00:00:03.545966,0.00605438141937694,0.047847191508423315,8,2,299,COMPLETE
279,0.9437623615358371,2024-06-07 17:34:06.400084,2024-06-07 17:34:12.240184,0 days 00:00:05.840100,0.00012312879327218055,0.03284527369460638,8,2,293,COMPLETE
280,0.8953280195905956,2024-06-07 17:34:07.411213,2024-06-07 17:34:10.101494,0 days 00:00:02.690281,0.009437086569641075,0.04746991098724698,10,2,300,COMPLETE
281,0.9413527384243736,2024-06-07 17:34:07.886788,2024-06-07 17:34:12.657797,0 days 00:00:04.771009,0.0002302069176642567,0.045918051195528116,10,2,299,COMPLETE
282,0.8935769126000401,2024-06-07 17:34:08.142106,2024-06-07 17:34:10.922934,0 days 00:00:02.780828,0.009814454386664666,0.03415334798790693,10,2,214,COMPLETE
283,0.8921285707316299,2024-06-07 17:34:08.420361,2024-06-07 17:34:10.715488,0 days 00:00:02.295127,0.010897456629006739,0.06287698121749567,10,2,294,COMPLETE
284,0.8931876642639599,2024-06-07 17:34:09.111409,2024-06-07 17:34:11.797368,0 days 00:00:02.685959,0.010047199520071187,0.03433557153498603,10,2,293,COMPLETE
285,0.8920675742049591,2024-06-07 17:34:09.580155,2024-06-07 17:34:12.123496,0 days 00:00:02.543341,0.010285342853330944,0.03575844669655634,10,2,290,COMPLETE
286,0.8934898892697024,2024-06-07 17:34:10.103488,2024-06-07 17:34:12.877212,0 days 00:00:02.773724,0.00995907087747738,0.033041426424664296,10,2,287,COMPLETE
287,0.892526352127011,2024-06-07 17:34:10.251094,2024-06-07 17:34:13.034790,0 days 00:00:02.783696,0.010371691535125582,0.03245797556422116,10,2,294,COMPLETE
288,0.8932205160919786,2024-06-07 17:34:10.717482,2024-06-07 17:34:13.320027,0 days 00:00:02.602545,0.009943676134212464,0.03524988013689,10,2,295,COMPLETE
289,0.9066094338815176,2024-06-07 17:34:10.925925,2024-06-07 17:34:13.598284,0 days 00:00:02.672359,0.0063058796000107845,0.034166162020527045,10,2,296,COMPLETE
290,0.8654765490973411,2024-06-07 17:34:11.800360,2024-06-07 17:34:14.706931,0 days 00:00:02.906571,0.02456613006358754,0.01667522860438171,10,2,300,COMPLETE
291,0.9141675196825247,2024-06-07 17:34:12.126488,2024-06-07 17:34:14.437086,0 days 00:00:02.310598,0.004458918819848158,0.042045226412884606,10,2,227,COMPLETE
292,0.9064019514198882,2024-06-07 17:34:12.243176,2024-06-07 17:34:16.016407,0 days 00:00:03.773231,0.006218957316110255,0.018052928982717185,8,2,297,COMPLETE
293,0.905893908592418,2024-06-07 17:34:12.660790,2024-06-07 17:34:15.189640,0 days 00:00:02.528850,0.0064700389627083054,0.04201981777068895,8,2,285,COMPLETE
294,0.7667159873863933,2024-06-07 17:34:12.880203,2024-06-07 17:34:14.791705,0 days 00:00:01.911502,0.15429168307178653,0.018106036577397566,8,2,300,COMPLETE
295,0.8656681885352747,2024-06-07 17:34:13.037781,2024-06-07 17:34:15.015107,0 days 00:00:01.977326,0.02508258902265396,0.04311115121084613,8,2,300,COMPLETE
296,0.9088494810359588,2024-06-07 17:34:13.322022,2024-06-07 17:34:15.694240,0 days 00:00:02.372218,0.005629330170952478,0.04302358146653656,8,2,300,COMPLETE
297,0.9092927426318567,2024-06-07 17:34:13.600278,2024-06-07 17:34:17.193514,0 days 00:00:03.593236,0.005508439114607171,0.01765555278863956,8,2,299,COMPLETE
298,0.8666956571378426,2024-06-07 17:34:14.441075,2024-06-07 17:34:17.528618,0 days 00:00:03.087543,0.02378818686121683,0.016336608853530284,8,2,299,COMPLETE
299,0.9101186591001217,2024-06-07 17:34:14.708926,2024-06-07 17:34:17.400962,0 days 00:00:02.692036,0.005481666548557174,0.042613159236460196,8,2,300,COMPLETE
300,0.7526102528656311,2024-06-07 17:34:14.798686,2024-06-07 17:34:16.367278,0 days 00:00:01.568592,0.18565903173586307,0.04372770439809637,8,2,285,COMPLETE
301,0.9100823576539961,2024-06-07 17:34:15.020093,2024-06-07 17:34:17.730408,0 days 00:00:02.710315,0.00547097201642872,0.04125381721345742,8,2,293,COMPLETE
302,0.7294845969414225,2024-06-07 17:34:15.192632,2024-06-07 17:34:16.660938,0 days 00:00:01.468306,0.2442335988418906,0.051594537463099256,8,2,291,COMPLETE
303,0.7578596552906501,2024-06-07 17:34:15.697231,2024-06-07 17:34:17.253356,0 days 00:00:01.556125,0.17071236782438795,0.051976777380208186,10,2,293,COMPLETE
304,0.9390634695697534,2024-06-07 17:34:16.019398,2024-06-07 17:34:20.790455,0 days 00:00:04.771057,0.0004789693006913776,0.051544852948119335,10,2,294,COMPLETE
305,0.7325144270092849,2024-06-07 17:34:16.370270,2024-06-07 17:34:18.379673,0 days 00:00:02.009403,0.24051784222208145,0.05262418553764804,10,2,295,COMPLETE
306,0.9407308236144825,2024-06-07 17:34:16.664927,2024-06-07 17:34:22.668470,0 days 00:00:06.003543,0.00030409559439642894,0.051696024423507535,10,2,293,COMPLETE
307,0.813490174208792,2024-06-07 17:34:17.196505,2024-06-07 17:34:19.644265,0 days 00:00:02.447760,0.0767093340576948,0.0520826305587385,10,2,295,COMPLETE
308,0.9359179745169922,2024-06-07 17:34:17.256345,2024-06-07 17:34:25.790093,0 days 00:00:08.533748,0.0007609834381456815,0.027926410705870732,10,2,293,COMPLETE
309,0.8797198476678052,2024-06-07 17:34:17.412929,2024-06-07 17:34:20.486007,0 days 00:00:03.073078,0.01678534627655532,0.06553627802268827,10,2,293,COMPLETE
310,0.9398936443886391,2024-06-07 17:34:17.533604,2024-06-07 17:34:26.739934,0 days 00:00:09.206330,0.0003758509454756508,0.02750502084921433,10,2,293,COMPLETE
311,0.9362666127809284,2024-06-07 17:34:17.735395,2024-06-07 17:34:25.841953,0 days 00:00:08.106558,0.0007522135729533371,0.028110240468081037,10,2,214,COMPLETE
312,0.9393635211949274,2024-06-07 17:34:18.381667,2024-06-07 17:34:25.079368,0 days 00:00:06.697701,0.00021548730799088062,0.02942233570602211,10,3,121,COMPLETE
313,0.9394152526387943,2024-06-07 17:34:19.647244,2024-06-07 17:34:25.955731,0 days 00:00:06.308487,0.00018177978212849342,0.03126115679736072,10,2,120,COMPLETE
314,0.9343796946920551,2024-06-07 17:34:20.488000,2024-06-07 17:34:26.208603,0 days 00:00:05.720603,0.0007621877740369577,0.028528646463256806,10,2,130,COMPLETE
315,0.9388656906955002,2024-06-07 17:34:20.792450,2024-06-07 17:34:26.361195,0 days 00:00:05.568745,0.00030470584001148686,0.03107726357855188,10,3,121,COMPLETE
316,0.9393073883229334,2024-06-07 17:34:22.670464,2024-06-07 17:34:27.056136,0 days 00:00:04.385672,0.00047205069320349255,0.060848741725828805,10,3,288,COMPLETE
317,0.8870369094160679,2024-06-07 17:34:25.081363,2024-06-07 17:34:27.287518,0 days 00:00:02.206155,0.012515447520639052,0.061294101742018534,10,2,285,COMPLETE
318,0.8831570144652902,2024-06-07 17:34:25.793084,2024-06-07 17:34:27.955514,0 days 00:00:02.162430,0.014506312401158527,0.039461221292943584,10,2,287,COMPLETE
319,0.8806563207410305,2024-06-07 17:34:25.846940,2024-06-07 17:34:27.814889,0 days 00:00:01.967949,0.016029303035136333,0.05950341546939991,10,2,286,COMPLETE
320,0.8862920014609779,2024-06-07 17:34:25.965704,2024-06-07 17:34:27.866750,0 days 00:00:01.901046,0.013185963066960233,0.0588407086502626,10,2,281,COMPLETE
321,0.8873719606529674,2024-06-07 17:34:26.211595,2024-06-07 17:34:28.171681,0 days 00:00:01.960086,0.012985150781464118,0.06257370232199103,10,2,288,COMPLETE
322,0.8864232271554875,2024-06-07 17:34:26.364188,2024-06-07 17:34:28.628461,0 days 00:00:02.264273,0.01309084510723076,0.037760863974101805,10,2,297,COMPLETE
323,0.885283846673208,2024-06-07 17:34:26.741928,2024-06-07 17:34:28.926818,0 days 00:00:02.184890,0.013558154067996682,0.03784209848384021,10,2,287,COMPLETE
324,0.8843087823904512,2024-06-07 17:34:27.059128,2024-06-07 17:34:29.157202,0 days 00:00:02.098074,0.013941603941886482,0.03737126637914424,8,2,282,COMPLETE
325,0.8845468177041942,2024-06-07 17:34:27.290514,2024-06-07 17:34:29.395563,0 days 00:00:02.105049,0.01409309561657415,0.037136757335561404,8,2,289,COMPLETE
326,0.8881959551265268,2024-06-07 17:34:27.817881,2024-06-07 17:34:29.733226,0 days 00:00:01.915345,0.011843825588918914,0.0378602427587372,8,2,128,COMPLETE
327,0.8951198231385555,2024-06-07 17:34:27.869742,2024-06-07 17:34:29.805033,0 days 00:00:01.935291,0.009449005408414902,0.038052132891758336,8,1,128,COMPLETE
328,0.805231521878129,2024-06-07 17:34:27.960499,2024-06-07 17:34:29.379606,0 days 00:00:01.419107,0.08648920356902326,0.038651504640434944,8,2,134,COMPLETE
329,0.9013073343406967,2024-06-07 17:34:28.181655,2024-06-07 17:34:29.989540,0 days 00:00:01.807885,0.007739326204882219,0.047533232900858355,8,1,127,COMPLETE
330,0.8992744456802825,2024-06-07 17:34:28.630456,2024-06-07 17:34:30.300709,0 days 00:00:01.670253,0.008038243586917813,0.046887940092188864,8,2,135,COMPLETE
331,0.9045864414170075,2024-06-07 17:34:28.928813,2024-06-07 17:34:30.614868,0 days 00:00:01.686055,0.00683584823676874,0.046904349132408624,8,2,133,COMPLETE
332,0.7956509926117729,2024-06-07 17:34:29.160194,2024-06-07 17:34:30.662807,0 days 00:00:01.502613,0.10089205686631378,0.04782960512389275,8,1,186,COMPLETE
333,0.902762319419595,2024-06-07 17:34:29.381601,2024-06-07 17:34:31.125570,0 days 00:00:01.743969,0.007290562870025925,0.04718188312540367,8,1,126,COMPLETE
334,0.9047320941865213,2024-06-07 17:34:29.399553,2024-06-07 17:34:31.287137,0 days 00:00:01.887584,0.006602630459094156,0.0467102585413821,8,2,128,COMPLETE
335,0.9034616958366473,2024-06-07 17:34:29.736217,2024-06-07 17:34:31.561404,0 days 00:00:01.825187,0.007040597072390256,0.04749974725764382,8,1,134,COMPLETE
336,0.9062574468971503,2024-06-07 17:34:29.811017,2024-06-07 17:34:32.410824,0 days 00:00:02.599807,0.006368261218427245,0.04737923565385283,10,2,300,COMPLETE
337,0.9058998596831298,2024-06-07 17:34:29.991535,2024-06-07 17:34:31.949059,0 days 00:00:01.957524,0.006402455219448277,0.04682885770693055,10,2,184,COMPLETE
338,0.9053287204129047,2024-06-07 17:34:30.302702,2024-06-07 17:34:32.160494,0 days 00:00:01.857792,0.006624795160908298,0.046225246146493135,10,2,182,COMPLETE
339,0.8731638598698199,2024-06-07 17:34:30.616863,2024-06-07 17:34:32.669871,0 days 00:00:02.053008,0.020156172529352562,0.04755249038355417,7,2,300,COMPLETE
340,0.8729496929885421,2024-06-07 17:34:30.672779,2024-06-07 17:34:32.733700,0 days 00:00:02.060921,0.020316652156418053,0.05391556765582644,7,2,300,COMPLETE
341,0.8714572471388325,2024-06-07 17:34:31.127564,2024-06-07 17:34:33.102713,0 days 00:00:01.975149,0.021358723200111118,0.05419070327960292,7,2,296,COMPLETE
342,0.8746360754225316,2024-06-07 17:34:31.290130,2024-06-07 17:34:33.618335,0 days 00:00:02.328205,0.019093066780057823,0.023279426090527806,7,2,300,COMPLETE
343,0.9080574272405838,2024-06-07 17:34:31.564396,2024-06-07 17:34:33.838561,0 days 00:00:02.274165,0.005877705863669776,0.05356454401551513,10,2,300,COMPLETE
344,0.8709118313274121,2024-06-07 17:34:31.952051,2024-06-07 17:34:33.871473,0 days 00:00:01.919422,0.021024497070081118,0.056531192134996425,7,2,297,COMPLETE
345,0.8731553010903927,2024-06-07 17:34:32.165483,2024-06-07 17:34:34.203585,0 days 00:00:02.038102,0.020058292827604345,0.05481325311225044,7,2,296,COMPLETE
346,0.7777837680377246,2024-06-07 17:34:32.413816,2024-06-07 17:34:34.645403,0 days 00:00:02.231587,0.13389965596729542,0.022701987015566392,10,2,296,COMPLETE
347,0.9133603862302976,2024-06-07 17:34:32.672862,2024-06-07 17:34:38.138704,0 days 00:00:05.465842,0.0046489090350435745,0.022110460309870503,10,2,296,COMPLETE
348,0.9073400593928929,2024-06-07 17:34:32.741678,2024-06-07 17:34:37.067982,0 days 00:00:04.326304,0.0050761840300594455,0.022145841493696715,10,2,139,COMPLETE
349,0.9332683478288615,2024-06-07 17:34:33.105706,2024-06-07 17:34:38.664072,0 days 00:00:05.558366,0.0004998775117223918,0.022679207468819847,10,2,137,COMPLETE
350,0.7742723233648854,2024-06-07 17:34:33.621327,2024-06-07 17:34:34.951703,0 days 00:00:01.330376,0.13925737012545045,0.05516934692884378,10,2,139,COMPLETE
351,0.9352354126566778,2024-06-07 17:34:33.841554,2024-06-07 17:34:40.431384,0 days 00:00:06.589830,0.0008583552926439769,0.03291189582946909,10,2,291,COMPLETE
352,0.9324575137467336,2024-06-07 17:34:33.876460,2024-06-07 17:34:39.988567,0 days 00:00:06.112107,0.0005790405289574509,0.0222676888404885,10,2,137,COMPLETE
353,0.9110763423435562,2024-06-07 17:34:34.205579,2024-06-07 17:34:36.511835,0 days 00:00:02.306256,0.005190736218561348,0.06767801258437,10,2,139,COMPLETE
354,0.9130132281616896,2024-06-07 17:34:34.647400,2024-06-07 17:34:37.608537,0 days 00:00:02.961137,0.004804368251017093,0.06758528078815033,10,2,290,COMPLETE
355,0.8656711404426303,2024-06-07 17:34:34.953696,2024-06-07 17:34:41.756595,0 days 00:00:06.802899,0.0002957232842811462,0.010302903166168748,10,2,138,COMPLETE
356,0.7395947446948026,2024-06-07 17:34:36.513830,2024-06-07 17:34:38.518688,0 days 00:00:02.004858,0.2188745611143902,0.04136412736934302,10,2,292,COMPLETE
357,0.8064573432806369,2024-06-07 17:34:37.070974,2024-06-07 17:34:38.327200,0 days 00:00:01.256226,0.0008794985470461417,0.03238719501132215,2,2,131,COMPLETE
358,0.8349206324116061,2024-06-07 17:34:37.610531,2024-06-07 17:34:39.464930,0 days 00:00:01.854399,0.05213196791102264,0.032425772457292765,9,2,131,COMPLETE
359,0.8202535380937191,2024-06-07 17:34:38.140699,2024-06-07 17:34:40.449335,0 days 00:00:02.308636,0.06759011998796642,0.040632378870596994,9,2,211,COMPLETE
360,0.9403631702547558,2024-06-07 17:34:38.329195,2024-06-07 17:34:43.971298,0 days 00:00:05.642103,0.0003259593729205961,0.04084815382424327,10,2,137,COMPLETE
361,0.9379638289010014,2024-06-07 17:34:38.520682,2024-06-07 17:34:44.456999,0 days 00:00:05.936317,0.0005923141938939079,0.03408925802129526,9,2,224,COMPLETE
362,0.9359559117415488,2024-06-07 17:34:38.666066,2024-06-07 17:34:43.891511,0 days 00:00:05.225445,0.0007682313593341745,0.04165785263336765,9,2,292,COMPLETE
363,0.8941463485284458,2024-06-07 17:34:39.466924,2024-06-07 17:34:43.244029,0 days 00:00:03.777105,0.009634526467830248,0.03946988453419575,10,2,291,COMPLETE
364,0.9407588816329187,2024-06-07 17:34:39.990562,2024-06-07 17:34:45.337781,0 days 00:00:05.347219,0.0003129764193799836,0.04002065939870898,9,2,291,COMPLETE
365,0.9421641031290029,2024-06-07 17:34:40.433377,2024-06-07 17:34:45.611050,0 days 00:00:05.177673,0.00016979766845744956,0.04125607488859006,9,2,198,COMPLETE
366,0.71668341535799,2024-06-07 17:34:40.453326,2024-06-07 17:34:41.919159,0 days 00:00:01.465833,0.2905638730655947,0.043364102168134584,8,2,117,COMPLETE
367,0.8898252757905302,2024-06-07 17:34:41.758589,2024-06-07 17:34:44.325350,0 days 00:00:02.566761,0.011695659670884618,0.041581727029282034,9,2,224,COMPLETE
368,0.891952175416341,2024-06-07 17:34:41.922150,2024-06-07 17:34:44.799222,0 days 00:00:02.877072,0.010262893273705663,0.03994710402798077,9,2,276,COMPLETE
369,0.8905897492935959,2024-06-07 17:34:43.246024,2024-06-07 17:34:45.165243,0 days 00:00:01.919219,0.011118275901981087,0.04229776626973669,9,2,189,COMPLETE
370,0.8894295237934634,2024-06-07 17:34:43.894503,2024-06-07 17:34:45.950854,0 days 00:00:02.056351,0.011182076671820694,0.03473815272833623,8,2,141,COMPLETE
371,0.8908419146712636,2024-06-07 17:34:43.975287,2024-06-07 17:34:46.201184,0 days 00:00:02.225897,0.010829215862914928,0.03250986391721648,9,2,142,COMPLETE
372,0.8878171209777287,2024-06-07 17:34:44.328343,2024-06-07 17:34:46.363749,0 days 00:00:02.035406,0.011973839855159327,0.03440983311304823,8,2,143,COMPLETE
373,0.8908947910646282,2024-06-07 17:34:44.458994,2024-06-07 17:34:46.520331,0 days 00:00:02.061337,0.01086962010340316,0.034188691525160825,8,2,142,COMPLETE
374,0.8970384043351982,2024-06-07 17:34:44.802213,2024-06-07 17:34:47.206369,0 days 00:00:02.404156,0.008736718846136788,0.029036986630352736,8,2,199,COMPLETE
375,0.9068929010906048,2024-06-07 17:34:45.168235,2024-06-07 17:34:47.535489,0 days 00:00:02.367254,0.006191113447074539,0.02919470117126833,8,2,134,COMPLETE
376,0.9029448831018657,2024-06-07 17:34:45.340773,2024-06-07 17:34:47.918197,0 days 00:00:02.577424,0.007162186023969072,0.02885958766433286,8,2,202,COMPLETE
377,0.9049320070749717,2024-06-07 17:34:45.614042,2024-06-07 17:34:48.268260,0 days 00:00:02.654218,0.00669376470745007,0.03034150137581408,8,2,202,COMPLETE
378,0.9064518103504975,2024-06-07 17:34:45.953846,2024-06-07 17:34:48.566462,0 days 00:00:02.612616,0.006279055812087274,0.030865288279058642,9,2,201,COMPLETE
379,0.9082415096197326,2024-06-07 17:34:46.204176,2024-06-07 17:34:48.153567,0 days 00:00:01.949391,0.005776540587541313,0.051317138536016674,8,2,201,COMPLETE
380,0.9082365617748158,2024-06-07 17:34:46.365744,2024-06-07 17:34:49.012179,0 days 00:00:02.646435,0.005761284325282574,0.029388702412947713,9,2,193,COMPLETE
381,0.9059621632992608,2024-06-07 17:34:46.523322,2024-06-07 17:34:48.619322,0 days 00:00:02.096000,0.006252527593179362,0.05176835153938196,9,2,200,COMPLETE
382,0.9070272592288912,2024-06-07 17:34:47.209361,2024-06-07 17:34:49.110915,0 days 00:00:01.901554,0.006008321290339949,0.05943078231039192,9,2,200,COMPLETE
383,0.9056459205172561,2024-06-07 17:34:47.537486,2024-06-07 17:34:49.125880,0 days 00:00:01.588394,0.005791185808226945,0.21209716645801918,9,2,214,COMPLETE
384,0.9404586047545979,2024-06-07 17:34:47.920192,2024-06-07 17:34:49.778437,0 days 00:00:01.858245,0.00018749804192259056,0.21171133403054357,9,2,199,COMPLETE
385,0.8791570411272325,2024-06-07 17:34:48.156558,2024-06-07 17:34:50.387808,0 days 00:00:02.231250,0.01674240267091784,0.041345241372392795,9,2,216,COMPLETE
386,0.8791603070527348,2024-06-07 17:34:48.271252,2024-06-07 17:34:50.116533,0 days 00:00:01.845281,0.016312867236719913,0.05874221068277298,9,2,216,COMPLETE
387,0.9414938598895245,2024-06-07 17:34:48.570453,2024-06-07 17:34:52.087372,0 days 00:00:03.516919,0.0002947762411491717,0.05738258086571306,9,2,194,COMPLETE
388,0.943029291416258,2024-06-07 17:34:48.630292,2024-06-07 17:34:52.555270,0 days 00:00:03.924978,0.0002441668249735852,0.057338716142443485,9,2,209,COMPLETE
389,0.8757792181808839,2024-06-07 17:34:49.014174,2024-06-07 17:34:51.058713,0 days 00:00:02.044539,0.018677332029010504,0.06021270305597373,9,2,208,COMPLETE
390,0.8774625391869213,2024-06-07 17:34:49.114909,2024-06-07 17:34:51.656296,0 days 00:00:02.541387,0.017610073246699966,0.04311502422294336,10,2,209,COMPLETE
391,0.8827129910286099,2024-06-07 17:34:49.131859,2024-06-07 17:34:51.154501,0 days 00:00:02.022642,0.01501000224864283,0.04443390950594025,10,2,132,COMPLETE
392,0.8812019978205661,2024-06-07 17:34:49.781429,2024-06-07 17:34:51.040071,0 days 00:00:01.258642,0.015378651452103884,0.19366765164912525,9,2,194,COMPLETE
393,0.8848554947815124,2024-06-07 17:34:50.118527,2024-06-07 17:34:52.122279,0 days 00:00:02.003752,0.014537255319065169,0.09431474051779486,9,2,207,COMPLETE
394,0.9377807713101289,2024-06-07 17:34:50.389803,2024-06-07 17:34:54.814325,0 days 00:00:04.424522,0.000615499561153298,0.04412948529419306,9,2,196,COMPLETE
395,0.9386165779307388,2024-06-07 17:34:51.042065,2024-06-07 17:34:53.196580,0 days 00:00:02.154515,0.00019530931999174578,0.2297725814653095,9,3,132,COMPLETE
396,0.9407157740296318,2024-06-07 17:34:51.061603,2024-06-07 17:34:55.800731,0 days 00:00:04.739128,0.00030410316927200924,0.050832182140004,9,3,208,COMPLETE
397,0.9405828373825659,2024-06-07 17:34:51.156495,2024-06-07 17:34:55.091583,0 days 00:00:03.935088,0.00038461091738806164,0.050849165031023824,9,2,136,COMPLETE
398,0.9386800109025142,2024-06-07 17:34:51.658291,2024-06-07 17:34:55.172367,0 days 00:00:03.514076,0.0004969078845173269,0.05380268814979008,9,2,136,COMPLETE
399,0.9415596234910955,2024-06-07 17:34:52.089368,2024-06-07 17:34:55.123497,0 days 00:00:03.034129,0.000274732467982143,0.09222790424558308,9,2,193,COMPLETE
400,0.9352040518282924,2024-06-07 17:34:52.128654,2024-06-07 17:34:55.575289,0 days 00:00:03.446635,0.0007646156390133719,0.06754686986185018,9,3,194,COMPLETE
401,0.938640300360388,2024-06-07 17:34:52.557264,2024-06-07 17:34:54.427450,0 days 00:00:01.870186,0.000262061186062907,0.25740758486933785,9,3,205,COMPLETE
402,0.9079649274155016,2024-06-07 17:34:53.199573,2024-06-07 17:34:55.518441,0 days 00:00:02.318868,0.005888466461728241,0.06320484870413548,9,2,205,COMPLETE
403,0.9076492862687888,2024-06-07 17:34:54.429445,2024-06-07 17:34:56.249306,0 days 00:00:01.819861,0.005879666873599256,0.06304843939013635,9,2,199,COMPLETE
404,0.9049000648322185,2024-06-07 17:34:54.817316,2024-06-07 17:34:56.479691,0 days 00:00:01.662375,0.006624262949788572,0.0710103677165067,9,2,197,COMPLETE
405,0.9062153890180469,2024-06-07 17:34:55.094575,2024-06-07 17:34:57.220323,0 days 00:00:02.125748,0.0061020934267544775,0.05734924864744584,9,2,205,COMPLETE
406,0.9051372076559242,2024-06-07 17:34:55.125493,2024-06-07 17:34:56.924115,0 days 00:00:01.798622,0.006617534814520663,0.06986749732539105,9,2,187,COMPLETE
407,0.8940058912889537,2024-06-07 17:34:55.175358,2024-06-07 17:34:56.945059,0 days 00:00:01.769701,0.009872110237858604,0.06518476915630121,8,2,193,COMPLETE
408,0.8925454833203011,2024-06-07 17:34:55.521433,2024-06-07 17:34:57.162478,0 days 00:00:01.641045,0.010360863721295839,0.0709650578591267,8,2,191,COMPLETE
409,0.8650066333162929,2024-06-07 17:34:55.581273,2024-06-07 17:34:57.098648,0 days 00:00:01.517375,0.02567223786913569,0.07018787805493837,8,2,186,COMPLETE
410,0.8633068374291186,2024-06-07 17:34:55.803724,2024-06-07 17:34:57.078702,0 days 00:00:01.274978,0.026670050720361365,0.06913481267613114,9,2,187,COMPLETE
411,0.8630342278462599,2024-06-07 17:34:56.251301,2024-06-07 17:34:57.812296,0 days 00:00:01.560995,0.02653443641988831,0.07016361430650127,9,3,188,COMPLETE
412,0.8620081648249749,2024-06-07 17:34:56.482682,2024-06-07 17:34:58.172337,0 days 00:00:01.689655,0.02716470864254848,0.07805993309673852,9,3,211,COMPLETE
413,0.8867677686966211,2024-06-07 17:34:56.927108,2024-06-07 17:34:59.081533,0 days 00:00:02.154425,0.012643795606595488,0.05118565009373096,8,2,210,COMPLETE
414,0.8642046990662744,2024-06-07 17:34:56.949049,2024-06-07 17:34:58.646067,0 days 00:00:01.697018,0.02585711524364247,0.058005980868433824,9,2,179,COMPLETE
415,0.8871010195244736,2024-06-07 17:34:57.088674,2024-06-07 17:34:58.915975,0 days 00:00:01.827301,0.012377706269584109,0.08080932787231335,9,2,210,COMPLETE
416,0.8878488290272633,2024-06-07 17:34:57.111614,2024-06-07 17:34:59.380733,0 days 00:00:02.269119,0.01227930165679609,0.056562564894538425,9,2,209,COMPLETE
417,0.890363519765805,2024-06-07 17:34:57.172453,2024-06-07 17:34:59.144365,0 days 00:00:01.971912,0.011254733697833141,0.05735105054267929,9,3,178,COMPLETE
418,0.887544710712353,2024-06-07 17:34:57.224312,2024-06-07 17:34:59.330866,0 days 00:00:02.106554,0.012363705966422472,0.05316851169604864,9,3,213,COMPLETE
419,0.8871111099961623,2024-06-07 17:34:57.814291,2024-06-07 17:34:59.806168,0 days 00:00:01.991877,0.012229510440655225,0.05309002226197731,9,2,219,COMPLETE
420,0.8883049459904332,2024-06-07 17:34:58.174329,2024-06-07 17:34:59.926846,0 days 00:00:01.752517,0.012047406762926602,0.08067454610704841,8,2,219,COMPLETE
421,0.8870381667415442,2024-06-07 17:34:58.649059,2024-06-07 17:35:00.446457,0 days 00:00:01.797398,0.012886553684777037,0.05217176238065227,8,2,210,COMPLETE
422,0.8893007739014586,2024-06-07 17:34:58.920962,2024-06-07 17:35:00.843398,0 days 00:00:01.922436,0.011685367572648247,0.05327819796869228,8,2,211,COMPLETE
423,0.9053214484591504,2024-06-07 17:34:59.087517,2024-06-07 17:35:01.737008,0 days 00:00:02.649491,0.006479189178033222,0.05213813414294351,8,2,295,COMPLETE
424,0.9074733230838333,2024-06-07 17:34:59.148355,2024-06-07 17:35:01.511612,0 days 00:00:02.363257,0.005924646260568008,0.05439286461155132,8,2,206,COMPLETE
425,0.9092084016100144,2024-06-07 17:34:59.333858,2024-06-07 17:35:02.181818,0 days 00:00:02.847960,0.005508762414876401,0.05118902225539395,8,2,296,COMPLETE
426,0.9432142857602395,2024-06-07 17:34:59.384722,2024-06-07 17:35:03.042499,0 days 00:00:03.657777,0.0002246083779145709,0.051147114833291825,8,2,219,COMPLETE
427,0.9077655873110507,2024-06-07 17:34:59.809161,2024-06-07 17:35:02.514928,0 days 00:00:02.705767,0.005842530423635195,0.05094517246833936,8,2,296,COMPLETE
428,0.9121908396808613,2024-06-07 17:34:59.932830,2024-06-07 17:35:02.658526,0 days 00:00:02.725696,0.00478792924170929,0.049934166436728274,8,2,296,COMPLETE
429,0.9114645058737691,2024-06-07 17:35:00.449448,2024-06-07 17:35:02.930798,0 days 00:00:02.481350,0.005087434371281383,0.04937867356586115,8,2,295,COMPLETE
430,0.9104363598885801,2024-06-07 17:35:00.845393,2024-06-07 17:35:02.951743,0 days 00:00:02.106350,0.005169509198837248,0.06095901258726549,8,2,242,COMPLETE
431,0.9430054865232494,2024-06-07 17:35:01.514604,2024-06-07 17:35:04.346319,0 days 00:00:02.831715,0.00017918838523480997,0.10387363000315288,8,2,296,COMPLETE
432,0.9110926663149034,2024-06-07 17:35:01.740000,2024-06-07 17:35:03.702041,0 days 00:00:01.962041,0.005122970363993192,0.06231016569847319,8,2,196,COMPLETE
433,0.8479120735610456,2024-06-07 17:35:02.184810,2024-06-07 17:35:03.989273,0 days 00:00:01.804463,0.03835951183387129,0.06052373500308467,9,2,231,COMPLETE
434,0.9104567406633772,2024-06-07 17:35:02.518918,2024-06-07 17:35:05.045393,0 days 00:00:02.526475,0.0051606428027011,0.06020599268866182,9,2,283,COMPLETE
435,0.9411940294288049,2024-06-07 17:35:02.661518,2024-06-07 17:35:06.670728,0 days 00:00:04.009210,0.00025412567051409163,0.061869899550025545,9,2,290,COMPLETE
436,0.9389157126735792,2024-06-07 17:35:02.932793,2024-06-07 17:35:06.811353,0 days 00:00:03.878560,0.0004716957629735057,0.06079345043889221,9,2,289,COMPLETE
437,0.8738910470868666,2024-06-07 17:35:02.955732,2024-06-07 17:35:05.654763,0 days 00:00:02.699031,0.019717385195090264,0.03759021061953105,9,2,233,COMPLETE
438,0.9414752621350788,2024-06-07 17:35:03.055465,2024-06-07 17:35:07.708023,0 days 00:00:04.652558,0.0003159804653293531,0.03589182707979191,8,2,196,COMPLETE
439,0.874902785246705,2024-06-07 17:35:03.705036,2024-06-07 17:35:06.011526,0 days 00:00:02.306490,0.01883427645966655,0.037163832542664976,8,2,217,COMPLETE
440,0.8740008385742448,2024-06-07 17:35:03.993263,2024-06-07 17:35:06.242907,0 days 00:00:02.249644,0.02000153566708617,0.038235112314053354,8,2,205,COMPLETE
441,0.9433266884565167,2024-06-07 17:35:04.348315,2024-06-07 17:35:07.417730,0 days 00:00:03.069415,0.00012453554176531588,0.09054677079061685,8,2,281,COMPLETE
442,0.8763324872221816,2024-06-07 17:35:05.048386,2024-06-07 17:35:07.107561,0 days 00:00:02.059175,0.01883062876714121,0.09776530191743939,8,2,290,COMPLETE
443,0.9398632732496961,2024-06-07 17:35:05.657755,2024-06-07 17:35:08.256556,0 days 00:00:02.598801,0.0004409262767894375,0.09170793563036372,8,2,289,COMPLETE
444,0.9123211637160676,2024-06-07 17:35:06.014518,2024-06-07 17:35:08.866966,0 days 00:00:02.852448,0.0001615555670324696,0.08789113475818555,3,2,291,COMPLETE
445,0.9429278077135353,2024-06-07 17:35:06.246897,2024-06-07 17:35:08.762247,0 days 00:00:02.515350,0.0001602657040964524,0.09927058653803653,8,2,287,COMPLETE
446,0.9357111402610461,2024-06-07 17:35:06.674717,2024-06-07 17:35:09.132256,0 days 00:00:02.457539,0.0008738894840270171,0.10204848690490954,8,2,289,COMPLETE
447,0.9397986684394319,2024-06-07 17:35:06.814344,2024-06-07 17:35:09.365632,0 days 00:00:02.551288,0.00043466220034278803,0.10279704572164239,8,2,289,COMPLETE
448,0.9387928423225452,2024-06-07 17:35:07.109555,2024-06-07 17:35:09.811329,0 days 00:00:02.701774,0.00045689946334739846,0.08725744883823441,8,2,286,COMPLETE
449,0.8955529424253486,2024-06-07 17:35:07.419725,2024-06-07 17:35:09.331722,0 days 00:00:01.911997,0.009436706404744376,0.0928889269439418,8,2,277,COMPLETE
450,0.8942065636671781,2024-06-07 17:35:07.710018,2024-06-07 17:35:08.951739,0 days 00:00:01.241721,0.01000026100557829,0.10138459486985874,8,2,190,COMPLETE
451,0.8969871726763932,2024-06-07 17:35:08.259548,2024-06-07 17:35:10.264119,0 days 00:00:02.004571,0.009364032931319514,0.08932503201257834,8,2,296,COMPLETE
452,0.8928425382010725,2024-06-07 17:35:08.765238,2024-06-07 17:35:10.632134,0 days 00:00:01.866896,0.010179501436196746,0.08702332600916897,8,2,278,COMPLETE
453,0.8938515058007623,2024-06-07 17:35:08.869958,2024-06-07 17:35:10.818355,0 days 00:00:01.948397,0.010033980534845204,0.09435332168944281,8,2,286,COMPLETE
454,0.9008738482010964,2024-06-07 17:35:08.960715,2024-06-07 17:35:11.048739,0 days 00:00:02.088024,0.008162250714429482,0.09355314242995125,8,2,278,COMPLETE
455,0.8987361324167829,2024-06-07 17:35:09.139237,2024-06-07 17:35:11.394814,0 days 00:00:02.255577,0.008633896539299853,0.09604368428183341,8,2,284,COMPLETE
456,0.9037136074604781,2024-06-07 17:35:09.341697,2024-06-07 17:35:11.460637,0 days 00:00:02.118940,0.006789153445297751,0.11465882255367496,8,2,284,COMPLETE
457,0.9014306751860718,2024-06-07 17:35:09.370619,2024-06-07 17:35:11.437700,0 days 00:00:02.067081,0.007670945720712077,0.08504353726007087,8,2,285,COMPLETE
458,0.9001061198143001,2024-06-07 17:35:09.813323,2024-06-07 17:35:11.610237,0 days 00:00:01.796914,0.008011813999402134,0.10471716760488978,8,2,278,COMPLETE
459,0.9064495544118161,2024-06-07 17:35:10.267111,2024-06-07 17:35:12.292959,0 days 00:00:02.025848,0.006313763864421346,0.10577647622305865,8,2,299,COMPLETE
460,0.9063157721899109,2024-06-07 17:35:10.636123,2024-06-07 17:35:12.466494,0 days 00:00:01.830371,0.0063181050577336174,0.11157960246900347,8,2,280,COMPLETE
461,0.9062825531326095,2024-06-07 17:35:10.822345,2024-06-07 17:35:12.628062,0 days 00:00:01.805717,0.00622955797168779,0.09628407181783714,8,2,281,COMPLETE
462,0.8800240620672751,2024-06-07 17:35:11.052728,2024-06-07 17:35:12.942835,0 days 00:00:01.890107,0.016586828553095356,0.0991638572096102,8,2,298,COMPLETE
463,0.8808934149486011,2024-06-07 17:35:11.397806,2024-06-07 17:35:13.581127,0 days 00:00:02.183321,0.015918407469994747,0.11103501212163683,8,2,299,COMPLETE
464,0.9097983877120559,2024-06-07 17:35:11.445678,2024-06-07 17:35:13.422551,0 days 00:00:01.976873,0.005525752602639742,0.1017458483816992,8,2,258,COMPLETE
465,0.878736258817733,2024-06-07 17:35:11.464627,2024-06-07 17:35:13.521287,0 days 00:00:02.056660,0.016215294796267984,0.10855270467291207,7,2,300,COMPLETE
466,0.7848971991845322,2024-06-07 17:35:11.614228,2024-06-07 17:35:13.385649,0 days 00:00:01.771421,0.12412847294899539,0.10080515175169588,7,2,299,COMPLETE
467,0.8786220648387292,2024-06-07 17:35:12.296947,2024-06-07 17:35:13.826194,0 days 00:00:01.529247,0.018086946583134915,0.0967862117151097,7,2,222,COMPLETE
468,0.8791372862770286,2024-06-07 17:35:12.470483,2024-06-07 17:35:14.610098,0 days 00:00:02.139615,0.016413002627856468,0.09363142990027128,7,2,300,COMPLETE
469,0.8772487705995371,2024-06-07 17:35:12.634046,2024-06-07 17:35:14.342814,0 days 00:00:01.708768,0.017902348420662788,0.07547264753634539,7,2,227,COMPLETE
470,0.8806787510804278,2024-06-07 17:35:12.944828,2024-06-07 17:35:14.919172,0 days 00:00:01.974344,0.016141096798809974,0.10550024600006513,7,2,257,COMPLETE
471,0.8821184647638278,2024-06-07 17:35:13.387645,2024-06-07 17:35:15.768803,0 days 00:00:02.381158,0.015315334134422945,0.07964665575377773,8,2,293,COMPLETE
472,0.8825112916408195,2024-06-07 17:35:13.428535,2024-06-07 17:35:15.425818,0 days 00:00:01.997283,0.014932174846524551,0.07768741239510589,8,2,223,COMPLETE
473,0.882786482000541,2024-06-07 17:35:13.530263,2024-06-07 17:35:16.019610,0 days 00:00:02.489347,0.015004818229334523,0.07482306843593675,8,2,292,COMPLETE
474,0.9380960939287712,2024-06-07 17:35:13.588108,2024-06-07 17:35:16.795504,0 days 00:00:03.207396,0.0005966038299216632,0.08322771125829305,8,2,294,COMPLETE
475,0.9381395861154612,2024-06-07 17:35:13.834173,2024-06-07 17:35:16.775558,0 days 00:00:02.941385,0.0006864079044024316,0.0773095279795229,8,2,293,COMPLETE
476,0.9399516712938383,2024-06-07 17:35:14.344810,2024-06-07 17:35:17.285385,0 days 00:00:02.940575,0.0003516021233838599,0.0860098887714836,8,2,293,COMPLETE
477,0.7599808721213098,2024-06-07 17:35:14.613090,2024-06-07 17:35:16.336957,0 days 00:00:01.723867,0.1648496401544549,0.07803488431602924,8,2,293,COMPLETE
478,0.9404690329464814,2024-06-07 17:35:14.923161,2024-06-07 17:35:17.592961,0 days 00:00:02.669800,0.0003110880726709606,0.08647854308544778,8,2,196,COMPLETE
479,0.9434557542539075,2024-06-07 17:35:15.428809,2024-06-07 17:35:18.820558,0 days 00:00:03.391749,0.00012640689927021656,0.06553109946695786,8,2,195,COMPLETE
480,0.9403470059417655,2024-06-07 17:35:15.770798,2024-06-07 17:35:18.432025,0 days 00:00:02.661227,0.00027961519246705167,0.08269176018915204,8,2,192,COMPLETE
481,0.9416724062955311,2024-06-07 17:35:16.023599,2024-06-07 17:35:19.523677,0 days 00:00:03.500078,0.00032286588006403183,0.0454601070174743,8,2,191,COMPLETE
482,0.9368817119088748,2024-06-07 17:35:16.339949,2024-06-07 17:35:18.718830,0 days 00:00:02.378881,0.00059434992918437,0.08530097378558989,8,2,192,COMPLETE
483,0.9126495932071461,2024-06-07 17:35:16.777552,2024-06-07 17:35:19.521682,0 days 00:00:02.744130,0.004798204741450658,0.043085420282056974,8,2,195,COMPLETE
484,0.9071480301216109,2024-06-07 17:35:16.800490,2024-06-07 17:35:19.490765,0 days 00:00:02.690275,0.00013641320487454338,0.042242233889192446,4,2,195,COMPLETE
485,0.9408074968639673,2024-06-07 17:35:17.287379,2024-06-07 17:35:19.352136,0 days 00:00:02.064757,0.0001887277059744301,0.1192562713109584,8,2,174,COMPLETE
486,0.908239184273316,2024-06-07 17:35:17.595953,2024-06-07 17:35:19.231459,0 days 00:00:01.635506,0.005619677998916915,0.11737499044687472,8,1,193,COMPLETE
487,0.9063095523016802,2024-06-07 17:35:18.434020,2024-06-07 17:35:20.734883,0 days 00:00:02.300863,0.006261065174542195,0.06352563230447732,8,1,296,COMPLETE
488,0.905567896545057,2024-06-07 17:35:18.721822,2024-06-07 17:35:20.411021,0 days 00:00:01.689199,0.006369196776946723,0.06590443298632413,8,1,171,COMPLETE
489,0.9071461989165562,2024-06-07 17:35:18.824548,2024-06-07 17:35:20.981842,0 days 00:00:02.157294,0.006080594821730022,0.04453266641539732,8,2,199,COMPLETE
490,0.8944686405967759,2024-06-07 17:35:19.234452,2024-06-07 17:35:21.147400,0 days 00:00:01.912948,0.009991303485113422,0.06485791415708697,8,2,202,COMPLETE
491,0.8793080265815856,2024-06-07 17:35:19.357123,2024-06-07 17:35:21.277052,0 days 00:00:01.919929,0.008988632835340087,0.06582813212990624,4,2,197,COMPLETE
492,0.745336358933538,2024-06-07 17:35:19.493758,2024-06-07 17:35:21.180312,0 days 00:00:01.686554,0.20441428749989193,0.044531168335325846,8,2,198,COMPLETE
493,0.8927237780257132,2024-06-07 17:35:19.527667,2024-06-07 17:35:21.601067,0 days 00:00:02.073400,0.010257411765167684,0.06535085043132824,8,2,199,COMPLETE
494,0.8936673780881108,2024-06-07 17:35:19.536642,2024-06-07 17:35:21.542221,0 days 00:00:02.005579,0.009925428906821585,0.06444097394950002,8,2,181,COMPLETE
495,0.8933012308870729,2024-06-07 17:35:20.414013,2024-06-07 17:35:21.787171,0 days 00:00:01.373158,0.010173820055768416,0.04610691663937917,8,2,188,COMPLETE
496,0.8923012411873184,2024-06-07 17:35:20.736877,2024-06-07 17:35:21.985640,0 days 00:00:01.248763,0.010443545454336102,0.04419507551640943,8,2,197,COMPLETE
497,0.8881350790582311,2024-06-07 17:35:20.983838,2024-06-07 17:35:22.049469,0 days 00:00:01.065631,0.012032026909565752,0.05836602320690886,8,2,197,COMPLETE
498,0.7545082380352481,2024-06-07 17:35:21.150391,2024-06-07 17:35:22.001597,0 days 00:00:00.851206,0.18625136404892256,0.04518042400890972,8,2,184,COMPLETE
499,0.8888751185579088,2024-06-07 17:35:21.184300,2024-06-07 17:35:22.109309,0 days 00:00:00.925009,0.011571996708217772,0.05726060584317077,8,2,181,COMPLETE
